"No","Name","Games","Age","Date.of.Birth","Height","Weight","Origin","Position","Team"
3,"Berry, Sam",57,"23yr 1mth","12 Feb 2002","181cm","88kg","Gippsland Power","Midfield","Adelaide Crows"
35,"Borlase, James R",15,"22yr 8mth","18 Jul 2002","192cm","101kg","Sturt","Defender","Adelaide Crows"
16,"Brown, Luke",189,"32yr 6mth","22 Sep 1992","181cm","81kg","Norwood","Defender","Adelaide Crows"
41,"Butts, Jordon",75,"25yr 3mth","31 Dec 1999","195cm","97kg","Murray Bushrangers","Defender","Adelaide Crows"
15,"Cook, Brayden",27,"22yr 8mth","18 Jul 2002","189cm","85kg","South Adelaide","Forward","Adelaide Crows"
5,"Crouch, Matt",161,"29yr 11mth","21 Apr 1995","181cm","85kg","North Ballarat Rebels","Midfield","Adelaide Crows"
40,"Davis, Ben R",11,"27yr 10mth","19 May 1997","189cm","89kg","UNSW","Defender Forward","Adelaide Crows"
12,"Dawson, Jordan",134,"27yr 11mth","9 Apr 1997","190cm","91kg","Sturt","Midfield","Adelaide Crows"
12,"Doedee, Tom",82,"28yr 1mth","1 Mar 1997","190cm","90kg","Geelong Falcons","Defender","Adelaide Crows"
32,"Fogarty, Darcy",105,"25yr 6mth","25 Sep 1999","192cm","100kg","Glenelg","Forward","Adelaide Crows"
17,"Frampton, Billy",58,"28yr 4mth","20 Nov 1996","201cm","100kg","South Fremantle","Defender","Adelaide Crows"
44,"Gollant, Lachlan",16,"23yr 6mth","12 Sep 2001","193cm","85kg","Calder Cannons","Forward","Adelaide Crows"
17,"Hamill, Will R",45,"24yr 4mth","17 Nov 2000","187cm","84kg","Dandenong Stingrays","Defender","Adelaide Crows"
6,"Hately, Jackson",28,"24yr 5mth","21 Oct 2000","191cm","85kg","Central District","Midfield","Adelaide Crows"
12,"Himmelberg, Elliott",50,"26yr 9mth","4 Jun 1998","196cm","99kg","Redlands","Forward","Adelaide Crows"
20,"Hinge, Mitchell",68,"26yr 9mth","28 Jun 1998","187cm","90kg","Glenelg","Defender","Adelaide Crows"
1,"Jones, Chayce",92,"25yr 2mth","14 Jan 2000","180cm","84kg","Launceston","Midfield","Adelaide Crows"
2,"Keays, Ben",139,"28yr 1mth","23 Feb 1997","185cm","86kg","Brisbane Reserves","Forward","Adelaide Crows"
29,"Laird, Rory",250,"31yr 3mth","29 Dec 1993","178cm","85kg","West Adelaide","Midfield","Adelaide Crows"
23,"McAdam, Shane",53,"29yr 10mth","28 May 1995","186cm","80kg","Sturt","Forward","Adelaide Crows"
3,"McAsey, Fischer",10,"24yr","8 Mar 2001","196cm","96kg","Sandringham Dragons","Defender","Adelaide Crows"
25,"McHenry, Ned",70,"24yr 8mth","13 Jul 2000","179cm","81kg","Geelong Falcons","Forward","Adelaide Crows"
36,"McPherson, Andrew R",28,"25yr 9mth","20 Jun 1999","187cm","86kg","Woodville-West Torrens","Defender","Adelaide Crows"
30,"Milera, Wayne",102,"27yr 6mth","14 Sep 1997","185cm","88kg","Central District","Defender","Adelaide Crows"
4,"Murphy, Lachlan",115,"26yr 3mth","4 Dec 1998","178cm","83kg","Adelaide Football Club","Forward","Adelaide Crows"
9,"Murray, Nick",57,"24yr 3mth","18 Dec 2000","195cm","100kg","Allies","Defender","Adelaide Crows"
27,"Nankervis, Luke",24,"21yr 10mth","25 May 2003","189cm","85kg","Sandringham Dragons","Defender","Adelaide Crows"
42,"Newchurch, Tariek R",0,"22yr 8mth","21 Jul 2002","182cm","79kg","North Adelaide","Forward","Adelaide Crows"
43,"O'Brien, Reilly",124,"29yr 7mth","20 Aug 1995","201cm","105kg","Calder Cannons","Ruck","Adelaide Crows"
37,"Parnell, Patrick R",17,"23yr","4 Mar 2002","178cm","76kg","Murray Bushrangers","Defender","Adelaide Crows"
10,"Pedlar, Luke",30,"22yr 10mth","17 May 2002","183cm","84kg","Glenelg","Forward","Adelaide Crows"
8,"Rachele, Josh",59,"21yr 11mth","11 Apr 2003","180cm","84kg","Murray Bushrangers","Forward","Adelaide Crows"
31,"Rowe, James",36,"25yr 6mth","17 Sep 1999","173cm","76kg","Woodville-west Torrens","Forward","Adelaide Crows"
26,"Schoenberg, Harry R",61,"24yr 1mth","21 Feb 2001","180cm","86kg","Woodville West Torrens","Forward","Adelaide Crows"
11,"Seedsman, Paul R",132,"33yr 2mth","22 Jan 1992","190cm","84kg","Eastern Ranges","Midfield","Adelaide Crows"
38,"Sholl, Lachlan",77,"25yr","7 Mar 2000","186cm","87kg","Calder Cannons","Midfield","Adelaide Crows"
9,"Sloane, Rory",255,"35yr","17 Mar 1990","183cm","87kg","Eastern Ranges","Midfield","Adelaide Crows"
33,"Smith, Brodie",262,"33yr 2mth","14 Jan 1992","194cm","88kg","Woodville West Torrens","Defender","Adelaide Crows"
14,"Soligo, Jake",63,"22yr 2mth","25 Jan 2003","179cm","84kg","Eastern Ranges","Midfield","Adelaide Crows"
45,"Strachan, Kieran",7,"29yr 5mth","5 Oct 1995","202cm","102kg","Port Melbourne","Ruck","Adelaide Crows"
19,"Taylor, Zac",9,"22yr 2mth","31 Jan 2003","180cm","81kg","Calder Cannons","Midfield Forward","Adelaide Crows"
7,"Thilthorpe, Riley",56,"22yr 8mth","7 Jul 2002","201cm","103kg","West Adelaide Fc","Forward","Adelaide Crows"
46,"Turner, Brett R",0,"28yr 2mth","11 Jan 1997","185cm","88kg","Glenelg","Midfield","Adelaide Crows"
13,"Walker, Taylor",281,"34yr 11mth","25 Apr 1990","192cm","102kg","Broken Hill North","Forward","Adelaide Crows"
24,"Worrell, Josh",33,"23yr 11mth","11 Apr 2001","195cm","93kg","Sandringham Dragons","Defender","Adelaide Crows"
4,"Ah Chee, Callum",146,"27yr 5mth","9 Oct 1997","182cm","80kg","South Fremantle","Forward","Brisbane Lions"
31,"Andrews, Harris",215,"28yr 3mth","11 Dec 1996","200cm","98kg","Aspley","Defender","Brisbane Lions"
43,"Answerth, Noah",74,"25yr 7mth","6 Aug 1999","182cm","82kg","Oakleigh Chargers","Defender","Brisbane Lions"
10,"Ashcroft, Levi",3,"18yr 3mth","18 Dec 2006","179cm","75kg","Sandringham Dragons","Midfield","Brisbane Lions"
8,"Ashcroft, Will",34,"20yr 10mth","6 May 2004","182cm","78kg","Sandringham Dragons","Midfield","Brisbane Lions"
33,"Bailey, Zac",143,"25yr 6mth","23 Sep 1999","181cm","84kg","Norwood","Midfield Forward","Brisbane Lions"
17,"Beecken, Luke R",0,"23yr 11mth","18 Apr 2001","185cm","73kg","Woodville-West Torrens","Defender","Brisbane Lions"
7,"Berry, Jarrod",163,"27yr 1mth","5 Feb 1998","193cm","89kg","North Ballarat Rebels","Midfield","Brisbane Lions"
34,"Brain, Shadeau R",9,"21yr 1mth","13 Feb 2004","183cm","83kg","Noosa","Defender","Brisbane Lions"
23,"Cameron, Charlie",230,"30yr 8mth","5 Jul 1994","180cm","76kg","Swan Districts","Forward","Brisbane Lions"
18,"Coleman, Keidean",65,"25yr","31 Mar 2000","182cm","82kg","Brisbane","Defender","Brisbane Lions"
45,"Craven, Darcy R",0,"20yr 8mth","22 Jul 2004","174cm","66kg","East Perth","Forward","Brisbane Lions"
14,"Day, Sam",157,"32yr 6mth","6 Sep 1992","196cm","106kg","Sturt","Forward","Brisbane Lions"
12,"Doedee, Tom",82,"28yr 1mth","1 Mar 1997","190cm","90kg","Geelong Falcons","Defender","Brisbane Lions"
5,"Dunkley, Josh",170,"28yr 2mth","9 Jan 1997","191cm","87kg","Gippsland Power","Midfield","Brisbane Lions"
3,"Fletcher, Jaspa",44,"21yr 1mth","24 Feb 2004","184cm","76kg","Brisbane Lions","Midfield","Brisbane Lions"
32,"Fort, Darcy",38,"31yr 7mth","6 Aug 1993","204cm","98kg","Central District","Ruck","Brisbane Lions"
22,"Gallop, Ty",0,"19yr 1mth","9 Feb 2006","194cm","92kg","Maroochydore","Forward","Brisbane Lions"
27,"Gardiner, Darcy",165,"29yr 6mth","22 Sep 1995","192cm","91kg","Geelong Falcons","Forward","Brisbane Lions"
30,"Hipwood, Eric",180,"27yr 6mth","13 Sep 1997","204cm","94kg","Aspley","Forward","Brisbane Lions"
41,"Joyce, Darragh R",24,"27yr 11mth","23 Apr 1997","195cm","96kg","Kilkenny","Defender","Brisbane Lions"
35,"Lester, Ryan R",210,"32yr 7mth","26 Aug 1992","190cm","84kg","Oakleigh Chargers","Defender","Brisbane Lions"
19,"Lloyd, Luke",0,"19yr 7mth","8 Aug 2005","193cm","84kg","Sandringham Dragons","Forward","Brisbane Lions"
1,"Lohmann, Kai",37,"21yr 10mth","6 May 2003","185cm","77kg","GWV Rebels","Forward","Brisbane Lions"
20,"Marshall, Sam",0,"19yr 2mth","19 Jan 2006","185cm","82kg","Sandringham Dragons","Midfield","Brisbane Lions"
11,"McCarthy, Lincoln",151,"31yr 5mth","22 Oct 1993","176cm","82kg","Glenelg","Forward","Brisbane Lions"
6,"McCluggage, Hugh",185,"27yr","3 Mar 1998","187cm","84kg","North Ballarat Rebels","Midfield","Brisbane Lions"
46,"McInerney, Oscar",153,"30yr 8mth","10 Jul 1994","205cm","110kg","Casey Scorpions","Ruck","Brisbane Lions"
26,"McKenna, Conor R",125,"29yr","28 Mar 1996","184cm","88kg","Eglish, Tyrone","Defender","Brisbane Lions"
28,"McLachlan, Will R",1,"19yr 11mth","13 Apr 2005","185cm","80kg","Geelong Falcons","Forward","Brisbane Lions"
13,"Morris, Logan",22,"19yr 10mth","10 May 2005","191cm","90kg","Western Jets","Forward","Brisbane Lions"
9,"Neale, Lachie",275,"31yr 10mth","24 May 1993","177cm","84kg","Glenelg","Midfield","Brisbane Lions"
40,"Payne, Jack",71,"25yr 5mth","15 Oct 1999","196cm","104kg","Lions Academy","Defender","Brisbane Lions"
16,"Rayner, Cameron",143,"25yr 5mth","21 Oct 1999","187cm","93kg","Western Jets","Forward","Brisbane Lions"
38,"Reville, Bruce R",14,"24yr 1mth","22 Feb 2001","185cm","80kg","Coates Talent League Boys","Midfield","Brisbane Lions"
2,"Robertson, Deven",43,"23yr 9mth","30 Jun 2001","185cm","84kg","Perth","Midfield Forward","Brisbane Lions"
24,"Ryan, Brandon R",4,"27yr 4mth","7 Nov 1997","200cm","91kg","Northern Bullants","Forward","Brisbane Lions"
25,"Smith, Henry",4,"22yr 6mth","24 Sep 2002","202cm","98kg","Woodville-west Torrens","Forward","Brisbane Lions"
37,"Starcevich, Brandon",119,"25yr 8mth","24 Jul 1999","188cm","90kg","East Perth","Defender","Brisbane Lions"
36,"Torrent, Reece",0,"19yr 7mth","3 Aug 2005","184cm","83kg","Peel Thunder","Midfield","Brisbane Lions"
29,"Tunstill, James",9,"21yr 8mth","18 Jul 2003","187cm","81kg","East Perth","Midfield Forward","Brisbane Lions"
44,"Wilmot, Darcy",59,"21yr 3mth","31 Dec 2003","183cm","79kg","Northern Knights","Defender","Brisbane Lions"
21,"Zakostelsky, Zane",0,"19yr 3mth","14 Dec 2005","196cm","89kg","Claremont","Defender Ruck","Brisbane Lions"
15,"Zorko, Dayne",280,"36yr 1mth","9 Feb 1989","175cm","77kg","Broadbeach","Defender","Brisbane Lions"
41,"Akuei, Domanic R",0,"22yr 10mth","12 May 2002","194cm","86kg","Carlton Academy","Defender","Carlton Bules"
37,"Boyd, Jordan",36,"26yr 6mth","22 Sep 1998","182cm","81kg","Footscray","Defender","Carlton Bules"
18,"Carroll, Jack",21,"22yr 3mth","20 Dec 2002","188cm","83kg","East Fremantle","Midfield Forward","Carlton Bules"
5,"Cerra, Adam",132,"25yr 5mth","7 Oct 1999","188cm","87kg","Eastern Ranges","Midfield","Carlton Bules"
46,"Cottrell, Matt",71,"25yr 1mth","29 Feb 2000","184cm","83kg","Dandenong Stingrays","Midfield Forward","Carlton Bules"
9,"Cripps, Patrick",210,"30yr","18 Mar 1995","195cm","93kg","East Fremantle","Midfield","Carlton Bules"
28,"Cuningham, David",58,"28yr","30 Mar 1997","183cm","83kg","Oakleigh Chargers","Forward","Carlton Bules"
30,"Curnow, Charlie",133,"28yr 1mth","3 Feb 1997","194cm","94kg","Geelong Falcons","Forward","Carlton Bules"
35,"Curnow, Edward R",221,"35yr 4mth","7 Nov 1989","179cm","86kg","Geelong Falcons","Midfield Forward","Carlton Bules"
12,"De Koning, Tom",81,"25yr 8mth","16 Jul 1999","201cm","102kg","Dandenong Stingrays","Ruck","Carlton Bules"
15,"Docherty, Sam",172,"31yr 5mth","17 Oct 1993","187cm","87kg","Gippsland Power","Midfield","Carlton Bules"
15,"Dow, Paddy",83,"25yr 5mth","16 Oct 1999","184cm","83kg","Bendigo Pioneers","Midfield","Carlton Bules"
19,"Durdin, Corey",48,"22yr 11mth","14 Apr 2002","173cm","76kg","Central Districts","Forward","Carlton Bules"
38,"Durdin, Sam R",24,"28yr 9mth","6 Jun 1996","199cm","100kg","West Adelaide","Defender","Carlton Bules"
16,"Fisher, Zac",125,"26yr 9mth","15 Jun 1998","175cm","76kg","Perth","Defender","Carlton Bules"
8,"Fogarty, Lachlan",73,"26yr","1 Apr 1999","180cm","76kg","Western Jets","Forward","Carlton Bules"
40,"Hayes, Will R",13,"29yr 9mth","5 Jun 1995","181cm","77kg","Footscray Vfl","Midfield Forward","Carlton Bules"
29,"Hewett, George",182,"29yr 3mth","29 Dec 1995","187cm","87kg","North Adelaide","Midfield","Carlton Bules"
36,"Honey, Josh",17,"23yr 5mth","17 Oct 2001","186cm","85kg","Western Jets","Forward","Carlton Bules"
17,"Kemp, Brodie",47,"23yr 11mth","1 May 2001","192cm","89kg","Bendigo Pioneers","Defender","Carlton Bules"
8,"Kennedy, Matthew",121,"27yr 11mth","6 Apr 1997","188cm","91kg","Collingullie Ashmont Kapooka","Midfield Forward","Carlton Bules"
22,"Marchbank, Caleb",63,"28yr 3mth","7 Dec 1996","193cm","92kg","Murray Bushrangers","Defender","Carlton Bules"
19,"Martin, Jack",151,"30yr 2mth","29 Jan 1995","186cm","82kg","Geraldton","Forward","Carlton Bules"
21,"McDonald, Oscar R",87,"29yr","18 Mar 1996","196cm","100kg","North Ballarat Rebels","Defender","Carlton Bules"
11,"McGovern, Mitch",131,"30yr 5mth","11 Oct 1994","190cm","88kg","Claremont","Defender","Carlton Bules"
10,"McKay, Harry",129,"27yr 3mth","24 Dec 1997","200cm","106kg","Gippsland Power","Forward","Carlton Bules"
45,"Mirkov, Alex R",0,"25yr 4mth","17 Nov 1999","210cm","105kg","Carlton","Ruck","Carlton Bules"
3,"Motlop, Jesse",43,"21yr 4mth","23 Nov 2003","180cm","81kg","South Fremantle","Forward","Carlton Bules"
24,"Newman, Nic",134,"32yr 2mth","15 Jan 1993","186cm","80kg","Frankston","Defender","Carlton Bules"
32,"Newnes, Jack",207,"32yr 1mth","24 Feb 1993","185cm","86kg","Northern Knights","Midfield","Carlton Bules"
4,"O'Brien, Lochie R",66,"25yr 6mth","18 Sep 1999","185cm","84kg","Bendigo Pioneers","Midfield Forward","Carlton Bules"
16,"Owies, Matt",75,"28yr","19 Mar 1997","179cm","81kg","St Kevins","Forward","Carlton Bules"
26,"Parks, Luke R",8,"23yr 11mth","18 Apr 2001","192cm","86kg","Glenelg","Defender","Carlton Bules"
34,"Philp, Sam",2,"23yr 7mth","4 Aug 2001","186cm","83kg","Northern Knights","Forward","Carlton Bules"
27,"Pittonet, Marc",73,"28yr 9mth","3 Jun 1996","202cm","107kg","Oakleigh Chargers","Ruck","Carlton Bules"
20,"Plowman, Lachlan",145,"30yr 6mth","11 Sep 1994","193cm","87kg","Calder Cannons","Defender","Carlton Bules"
42,"Saad, Adam",198,"30yr 8mth","23 Jul 1994","178cm","79kg","Coburg","Defender","Carlton Bules"
12,"Setterfield, Will",71,"27yr 1mth","5 Feb 1998","192cm","87kg","Sandringham Dragons","Midfield","Carlton Bules"
1,"Silvagni, Jack",118,"27yr 3mth","17 Dec 1997","194cm","92kg","Oakleigh Chargers","Forward","Carlton Bules"
14,"Stocker, Liam",68,"25yr 2mth","23 Jan 2000","184cm","86kg","Sandringham Dragons","Defender","Carlton Bules"
18,"Walsh, Sam",122,"24yr 8mth","2 Jul 2000","184cm","84kg","Geelong Falcons","Midfield","Carlton Bules"
23,"Weitering, Jacob",184,"27yr 4mth","23 Nov 1997","195cm","102kg","Mount Eliza Football Club","Defender","Carlton Bules"
6,"Williams, Zachary",158,"30yr 6mth","20 Sep 1994","186cm","85kg","Narrandera","Defender Forward","Carlton Bules"
31,"Williamson, Tom",44,"26yr 3mth","12 Dec 1998","190cm","86kg","North Ballarat Rebels","Defender","Carlton Bules"
33,"Young, Lewis",69,"26yr 3mth","20 Dec 1998","202cm","99kg","Sturt","Defender","Carlton Bules"
3,"Adams, Taylor",226,"31yr 6mth","20 Sep 1993","181cm","85kg","Geelong Falcons","Midfield Forward","Collingwood Magpies"
39,"Begg, Aiden R",3,"22yr 5mth","8 Oct 2002","197cm","99kg","Eastern Ranges","Ruck","Collingwood Magpies"
8,"Bianco, Trent",23,"24yr 2mth","20 Jan 2001","178cm","75kg","Oakleigh Chargers","Midfield Forward","Collingwood Magpies"
17,"Brown, Callum",70,"26yr 11mth","27 Apr 1998","179cm","80kg","Eastern Ranges","Forward","Collingwood Magpies"
21,"Brown, Tyler R",28,"25yr 3mth","9 Dec 1999","192cm","84kg","Eastern Ranges","Midfield Forward","Collingwood Magpies"
14,"Cameron, Darcy",98,"29yr 8mth","18 Jul 1995","204cm","103kg","Claremont","Ruck","Collingwood Magpies"
12,"Carmichael, Josh R",8,"25yr 6mth","23 Sep 1999","190cm","88kg","West Adelaide","Forward","Collingwood Magpies"
34,"Chugg, Isaac R",2,"23yr 1mth","26 Feb 2002","180cm","80kg","Tasmania Devils","Defender","Collingwood Magpies"
46,"Cox, Mason",130,"34yr","14 Mar 1991","211cm","110kg","Oklahoma State","Forward Ruck","Collingwood Magpies"
25,"Crisp, Jack",252,"31yr 5mth","2 Oct 1993","190cm","91kg","Murray Bushrangers","Midfield","Collingwood Magpies"
7,"Daicos, Josh",129,"26yr 4mth","26 Nov 1998","178cm","77kg","Oakleigh Chargers","Midfield","Collingwood Magpies"
35,"Daicos, Nick",73,"22yr 2mth","3 Jan 2003","184cm","79kg","Oakleigh Chargers","Midfield","Collingwood Magpies"
2,"De Goey, Jordan",172,"29yr","15 Mar 1996","188cm","93kg","Oakleigh Chargers","Midfield","Collingwood Magpies"
43,"Dean, Charlie R",8,"23yr 9mth","19 Jun 2001","195cm","93kg","Williamstown VFL","Defender","Collingwood Magpies"
19,"Draper, Arlo",0,"22yr 2mth","30 Jan 2003","186cm","78kg","South Adelaide","Defender","Collingwood Magpies"
5,"Elliott, Jamie",197,"32yr 7mth","21 Aug 1992","178cm","83kg","Murray Bushrangers","Forward","Collingwood Magpies"
33,"Ginnivan, Jack",69,"22yr 3mth","9 Dec 2002","185cm","85kg","Bendigo Pioneers","Forward","Collingwood Magpies"
4,"Grundy, Brodie",223,"30yr 11mth","15 Apr 1994","202cm","105kg","Sturt","Ruck","Collingwood Magpies"
36,"Harrison, Harvey",16,"21yr 4mth","10 Nov 2003","181cm","83kg","North Adelaide","Forward","Collingwood Magpies"
36,"Henry, Oliver",73,"22yr 8mth","29 Jul 2002","189cm","80kg","Geelong Falcons","Forward","Collingwood Magpies"
32,"Hoskin-Elliott, Will",225,"31yr 6mth","2 Sep 1993","186cm","82kg","Western Jets","Forward","Collingwood Magpies"
38,"Howe, Jeremy",255,"34yr 9mth","29 Jun 1990","190cm","86kg","Hobart","Defender","Collingwood Magpies"
40,"Johnson, Ash R",27,"27yr 5mth","6 Oct 1997","193cm","91kg","Sturt","Forward","Collingwood Magpies"
20,"Kelly, Will",5,"24yr 7mth","16 Aug 2000","194cm","92kg","Oakleigh Chargers","Defender","Collingwood Magpies"
15,"Kreuger, Nathan",15,"25yr 9mth","25 Jun 1999","196cm","98kg","South Adelaide","Forward Ruck","Collingwood Magpies"
1,"Lipinski, Patrick",121,"26yr 8mth","17 Jul 1998","190cm","86kg","Northern Knights","Midfield Forward","Collingwood Magpies"
18,"Macrae, Finlay",21,"23yr","13 Mar 2002","188cm","80kg","Oakleigh Chargers","Midfield Forward","Collingwood Magpies"
44,"Madgen, Jack",49,"31yr 11mth","25 Apr 1993","192cm","95kg","Mount Gambier","Defender","Collingwood Magpies"
4,"Maynard, Brayden",212,"28yr 6mth","20 Sep 1996","189cm","93kg","Sandringham Dragons","Defender","Collingwood Magpies"
31,"McCreery, Beau",80,"23yr 11mth","19 Apr 2001","186cm","86kg","South Adelaide","Forward","Collingwood Magpies"
26,"McInnes, Reef",23,"22yr 3mth","12 Dec 2002","194cm","90kg","Oakleigh Chargers","Forward","Collingwood Magpies"
29,"McMahon, Liam",0,"22yr 10mth","2 May 2002","197cm","88kg","Northern Knights","Forward","Collingwood Magpies"
41,"Mihocek, Brody",139,"32yr 1mth","4 Feb 1993","192cm","99kg","Port Melbourne","Forward","Collingwood Magpies"
30,"Moore, Darcy",176,"29yr 2mth","25 Jan 1996","203cm","100kg","Oakleigh Chargers","Defender","Collingwood Magpies"
27,"Murley, Cooper R",0,"21yr 9mth","20 Jun 2003","178cm","67kg","Norwood","Midfield Forward","Collingwood Magpies"
28,"Murphy, Nathan",57,"25yr 3mth","15 Dec 1999","192cm","90kg","Sandringham Dragons","Defender","Collingwood Magpies"
2,"Noble, John R",114,"28yr","25 Mar 1997","180cm","72kg","West Adelaide","Defender","Collingwood Magpies"
10,"Pendlebury, Scott",406,"37yr 2mth","7 Jan 1988","191cm","86kg","Gippsland Power","Midfield","Collingwood Magpies"
25,"Poulter, Caleb R",28,"22yr 5mth","12 Oct 2002","194cm","84kg","Wwt Eagles","Midfield","Collingwood Magpies"
3,"Quaynor, Isaac",111,"25yr 2mth","15 Jan 2000","180cm","88kg","Oakleigh Chargers","Defender","Collingwood Magpies"
23,"Roughead, Jordan",201,"34yr 4mth","3 Nov 1990","200cm","100kg","North Ballarat Rebels","Defender","Collingwood Magpies"
21,"Ruscoe, Trey",18,"23yr 4mth","3 Nov 2001","193cm","93kg","East Fremantle","Defender","Collingwood Magpies"
22,"Sidebottom, Steele",334,"34yr 2mth","2 Jan 1991","184cm","86kg","Murray Bushrangers","Midfield","Collingwood Magpies"
12,"Wilson, Tom R",8,"27yr 9mth","24 Jun 1997","194cm","86kg","Vic Metro","Defender Forward","Collingwood Magpies"
26,"Baldwin, Kaine",8,"22yr 10mth","30 May 2002","193cm","97kg","Glenelg","Defender","Essendon Bombers"
38,"Brand, Cody",0,"22yr 10mth","23 May 2002","195cm","89kg","Calder Cannons","Defender","Essendon Bombers"
24,"Bryan, Nick",22,"23yr 5mth","22 Oct 2001","203cm","101kg","Oakleigh Chargers","Ruck","Essendon Bombers"
6,"Caldwell, Jye",81,"24yr 6mth","28 Sep 2000","183cm","83kg","Bendigo Pioneers","Midfield","Essendon Bombers"
13,"Cox, Nikolas",53,"23yr 2mth","15 Jan 2002","200cm","94kg","Northern Knights","Midfield","Essendon Bombers"
12,"Cutler, Tom",96,"30yr 1mth","20 Feb 1995","192cm","89kg","Oakleigh Chargers","Defender Midfield","Essendon Bombers"
16,"D'Ambrosio, Massimo R",44,"21yr 9mth","5 Jun 2003","178cm","80kg","Western Jets","Midfield","Essendon Bombers"
2,"Draper, Sam",76,"26yr 6mth","28 Sep 1998","205cm","105kg","South Adelaide","Ruck","Essendon Bombers"
22,"Durham, Sam",74,"23yr 8mth","9 Jul 2001","185cm","84kg","Richmond","Midfield","Essendon Bombers"
34,"Eyre, Josh R",0,"22yr 5mth","24 Oct 2002","198cm","85kg","Calder Cannons","Defender","Essendon Bombers"
10,"Francis, Aaron R",74,"27yr 7mth","10 Aug 1997","192cm","93kg","West Adelaide","Defender","Essendon Bombers"
35,"Guelfi, Matt",109,"27yr 7mth","14 Aug 1997","184cm","82kg","Claremont","Forward","Essendon Bombers"
33,"Ham, Brayden",45,"25yr 11mth","25 Apr 1999","182cm","77kg","Geelong Falcons","Midfield Forward","Essendon Bombers"
21,"Heppell, Dyson",253,"32yr 10mth","14 May 1992","189cm","86kg","Gippsland Power","Defender","Essendon Bombers"
19,"Hind, Nick",95,"30yr 7mth","19 Aug 1994","180cm","78kg","Essendon Vfl","Defender Forward","Essendon Bombers"
49,"Hird, Tom R",0,"24yr","28 Mar 2001","182cm","74kg","Essendon","Midfield Forward","Essendon Bombers"
8,"Hobbs, Ben",50,"21yr 6mth","16 Sep 2003","183cm","80kg","GWV Rebels","Forward","Essendon Bombers"
18,"Hurley, Michael",194,"34yr 10mth","1 Jun 1990","193cm","94kg","Northern Knights","Defender","Essendon Bombers"
23,"Jones, Harrison",55,"24yr 1mth","25 Feb 2001","196cm","88kg","Calder Cannons","Forward","Essendon Bombers"
29,"Kelly, Jake",168,"30yr 2mth","21 Jan 1995","190cm","90kg","Oakleigh Chargers","Defender Midfield","Essendon Bombers"
4,"Langford, Kyle",154,"28yr 4mth","1 Dec 1996","192cm","88kg","Northern Knights","Forward","Essendon Bombers"
15,"Laverde, Jayden",131,"28yr 11mth","12 Apr 1996","193cm","92kg","Western Jets","Defender","Essendon Bombers"
28,"Lord, Alastair",1,"21yr 4mth","26 Nov 2003","181cm","75kg","Norwood","Defender","Essendon Bombers"
37,"Martin, Nicholas",70,"23yr 11mth","3 Apr 2001","192cm","86kg","Colts","Defender","Essendon Bombers"
41,"McBride, Cian R",0,"23yr 11mth","19 Apr 2001","197cm","90kg","Ireland","Defender Ruck","Essendon Bombers"
36,"McDonagh, Garrett",0,"28yr 9mth","19 Jun 1996","183cm","81kg","Richmond VFL","Defender","Essendon Bombers"
43,"McDonald-Tipungwuti, Anthony",133,"31yr 11mth","22 Apr 1993","171cm","78kg","Gippsland Power","Forward","Essendon Bombers"
1,"McGrath, Andrew",160,"26yr 9mth","2 Jun 1998","180cm","83kg","Sandringham Dragons","Defender","Essendon Bombers"
29,"Menzie, Jye R",39,"22yr 5mth","28 Oct 2002","180cm","84kg","South Adelaide","Forward","Essendon Bombers"
7,"Merrett, Zachary",232,"29yr 5mth","3 Oct 1995","179cm","83kg","Sandringham Dragons","Midfield","Essendon Bombers"
3,"Parish, Darcy",162,"27yr 8mth","25 Jul 1997","180cm","81kg","Geelong Falcons","Midfield","Essendon Bombers"
16,"Perkins, Archie",82,"23yr","26 Mar 2002","188cm","85kg","Sandringham Dragons","Midfield","Essendon Bombers"
34,"Phillips, Andrew",82,"33yr 8mth","3 Jul 1991","201cm","101kg","Lauderdale","Forward Ruck","Essendon Bombers"
27,"Redman, Mason",127,"27yr 7mth","26 Aug 1997","187cm","87kg","Glenelg","Defender","Essendon Bombers"
31,"Reid, Zach",12,"23yr","2 Mar 2002","202cm","90kg","Gippsland Power","Defender","Essendon Bombers"
14,"Ridley, Jordan",96,"26yr 5mth","20 Oct 1998","195cm","94kg","Oakleigh Chargers","Defender","Essendon Bombers"
9,"Shiel, Dylan",223,"32yr","9 Mar 1993","182cm","84kg","Aspendale","Midfield","Essendon Bombers"
5,"Smith, Devon",182,"31yr 10mth","20 May 1993","176cm","78kg","Geelong Falcons","Forward","Essendon Bombers"
11,"Snelling, Will",65,"27yr 7mth","6 Aug 1997","175cm","79kg","West Adelaide","Forward","Essendon Bombers"
17,"Stewart, James",78,"31yr","4 Mar 1994","199cm","99kg","Sandringham Dragons","Defender","Essendon Bombers"
20,"Stringer, Jake",213,"30yr 11mth","25 Apr 1994","192cm","92kg","Bendigo Pioneers","Forward","Essendon Bombers"
20,"Voss, Patrick R",9,"21yr 9mth","29 Jun 2003","195cm","93kg","Giants Academy","Forward","Essendon Bombers"
40,"Wanganeen, Tex R",5,"21yr 5mth","10 Oct 2003","179cm","78kg","Oakleigh Chargers","Forward","Essendon Bombers"
45,"Waterman, Alec R",22,"28yr 7mth","19 Aug 1996","182cm","88kg","Claremont","Forward","Essendon Bombers"
20,"Wright, Peter",133,"28yr 6mth","8 Sep 1996","203cm","102kg","Calder Cannons","Forward","Essendon Bombers"
25,"Zerk-Thatcher, Brandon",77,"26yr 7mth","25 Aug 1998","195cm","91kg","Sturt","Defender","Essendon Bombers"
13,"Acres, Blake",171,"29yr 5mth","7 Oct 1995","193cm","92kg","West Perth","Midfield","Fremantle Dockers"
11,"Aish, James",184,"29yr 4mth","8 Nov 1995","183cm","83kg","Norwood","Defender","Fremantle Dockers"
24,"Amiss, Jye",50,"21yr 8mth","31 Jul 2003","196cm","86kg","East Perth","Forward","Fremantle Dockers"
41,"Banfield, Bailey",100,"27yr 1mth","26 Feb 1998","190cm","88kg","Claremont","Forward","Fremantle Dockers"
38,"Benning, Eric",0,"21yr 9mth","14 Jun 2003","195cm","83kg","Claremont","Ruck","Fremantle Dockers"
26,"Blakely, Connor R",78,"29yr","2 Mar 1996","189cm","89kg","Swan Districts","Midfield","Fremantle Dockers"
8,"Brayshaw, Andrew",149,"25yr 4mth","8 Nov 1999","185cm","88kg","Sandringham Dragons","Midfield","Fremantle Dockers"
17,"Brodie, Will",54,"26yr 7mth","23 Aug 1998","190cm","89kg","Murray Bushrangers","Midfield","Fremantle Dockers"
5,"Chapman, Heath",45,"23yr 2mth","31 Jan 2002","193cm","87kg","West Perth","Defender","Fremantle Dockers"
6,"Clark, Jordan",105,"24yr 5mth","16 Oct 2000","185cm","83kg","Claremont","Defender","Fremantle Dockers"
33,"Colyer, Travis",146,"33yr 7mth","24 Aug 1991","173cm","74kg","Claremont","Forward","Fremantle Dockers"
36,"Cox, Brennan",114,"26yr 7mth","13 Aug 1998","195cm","97kg","Woodville-West Torrens","Defender","Fremantle Dockers"
12,"Crowden, Mitchell R",42,"25yr 11mth","28 Apr 1999","175cm","85kg","Sturt","Forward","Fremantle Dockers"
4,"Darcy, Sean",110,"26yr 9mth","12 Jun 1998","203cm","111kg","Geelong Falcons","Ruck","Fremantle Dockers"
28,"Erasmus, Neil",25,"21yr 3mth","2 Dec 2003","190cm","82kg","Subiaco","Midfield Forward","Fremantle Dockers"
32,"Frederick, Michael",81,"24yr 10mth","17 May 2000","183cm","80kg","Eagles","Forward","Fremantle Dockers"
7,"Fyfe, Nathan",240,"33yr 6mth","18 Sep 1991","191cm","94kg","Claremont","Midfield","Fremantle Dockers"
29,"Hamling, Joel R",93,"31yr 11mth","9 Apr 1993","194cm","92kg","Claremont","Forward","Fremantle Dockers"
23,"Henry, Liam",55,"23yr 7mth","28 Aug 2001","180cm","76kg","Claremont","Forward","Fremantle Dockers"
15,"Hughes, Ethan",107,"30yr 3mth","7 Dec 1994","188cm","87kg","Swan Districts","Defender","Fremantle Dockers"
44,"Johnson, Matt",40,"22yr","16 Mar 2003","193cm","84kg","Subiaco","Midfield","Fremantle Dockers"
43,"Kuek, Sebit R",0,"24yr 4mth","11 Nov 2000","199cm","82kg","East Perth","Forward","Fremantle Dockers"
7,"Lobb, Rory",179,"32yr 1mth","9 Feb 1993","207cm","106kg","Swan Districts","Defender","Fremantle Dockers"
19,"Logue, Griffin",82,"26yr 11mth","13 Apr 1998","193cm","100kg","Swan Districts","Defender","Fremantle Dockers"
17,"Meek, Lloyd",56,"26yr 11mth","22 Apr 1998","203cm","109kg","Gwv Rebels","Ruck","Fremantle Dockers"
16,"Mundy, David",376,"39yr 8mth","20 Jul 1985","192cm","92kg","Murray Bushrangers","Midfield","Fremantle Dockers"
30,"O'Driscoll, Nathan",27,"22yr 10mth","17 May 2002","188cm","82kg","Perth","Midfield","Fremantle Dockers"
25,"Pearce, Alex",125,"29yr 9mth","9 Jun 1995","201cm","98kg","Devonport","Defender","Fremantle Dockers"
13,"Ryan, Luke",158,"29yr 1mth","6 Feb 1996","186cm","92kg","Coburg","Defender","Fremantle Dockers"
8,"Schultz, Lachlan",113,"27yr 4mth","30 Nov 1997","178cm","81kg","Williamstown","Forward","Fremantle Dockers"
3,"Serong, Caleb",106,"24yr 1mth","9 Feb 2001","180cm","87kg","Gippsland Power","Midfield","Fremantle Dockers"
1,"Sturt, Sam",31,"24yr 10mth","12 May 2000","190cm","81kg","Dandenong Stingrays","Forward","Fremantle Dockers"
39,"Switkowski, Sam",89,"28yr 4mth","20 Nov 1996","179cm","74kg","Box Hill Hawks","Forward","Fremantle Dockers"
20,"Taberner, Matthew",125,"31yr 9mth","17 Jun 1993","198cm","97kg","Murray Bushrangers","Forward","Fremantle Dockers"
35,"Treacy, Josh",59,"22yr 7mth","4 Aug 2002","195cm","92kg","Bendigo Pioneers","Forward","Fremantle Dockers"
13,"Tucker, Darcy",152,"28yr 2mth","23 Jan 1997","184cm","83kg","North Ballarat Rebels","Defender Midfield","Fremantle Dockers"
29,"Valente, Luke",0,"24yr 10mth","8 May 2000","186cm","85kg","Norwood","Midfield","Fremantle Dockers"
31,"Walker, Brandon",66,"22yr 5mth","17 Oct 2002","186cm","81kg","East Fremantle","Defender","Fremantle Dockers"
10,"Walters, Michael",239,"34yr 2mth","7 Jan 1991","176cm","77kg","Swan Districts","Forward","Fremantle Dockers"
34,"Western, Joel",4,"22yr 5mth","12 Oct 2002","174cm","70kg","Claremont","Midfield","Fremantle Dockers"
14,"Wilson, Nathan",155,"32yr 2mth","7 Jan 1993","185cm","83kg","WA","Defender","Fremantle Dockers"
23,"Worner, Karl R",10,"22yr 9mth","16 Jun 2002","188cm","83kg","Oakleigh Chargers","Defender","Fremantle Dockers"
26,"Young, Hayden",80,"23yr 11mth","11 Apr 2001","189cm","88kg","Dandenong Stingrays","Midfield","Fremantle Dockers"
30,"Atkins, Tom R",130,"29yr 6mth","18 Sep 1995","180cm","86kg","Geelong","Midfield","Geelong Cats"
24,"Bews, Jed",171,"31yr 3mth","14 Dec 1993","186cm","90kg","Geelong Falcons","Defender","Geelong Cats"
46,"Blicavs, Mark",273,"34yr","28 Mar 1991","198cm","101kg","Geelong Vfl","Midfield","Geelong Cats"
5,"Cameron, Jeremy",257,"32yr","1 Apr 1993","196cm","94kg","Dartmoor","Forward","Geelong Cats"
15,"Ceglar, Jonathon",110,"34yr 1mth","14 Feb 1991","204cm","99kg","Murray Bushrangers","Ruck","Geelong Cats"
45,"Close, Bradley R",104,"26yr 8mth","30 Jul 1998","183cm","77kg","Glenelg","Forward","Geelong Cats"
6,"Conway, Toby",6,"21yr 11mth","24 Apr 2003","206cm","101kg","Geelong Falcons","Ruck","Geelong Cats"
40,"Dahlhaus, Luke",225,"32yr 7mth","21 Aug 1992","179cm","77kg","Geelong Falcons","Forward","Geelong Cats"
35,"Dangerfield, Patrick",340,"34yr 11mth","5 Apr 1990","189cm","97kg","Geelong Falcons","Midfield","Geelong Cats"
16,"De Koning, Sam",65,"24yr 1mth","26 Feb 2001","204cm","97kg","Dandenong Stingrays","Defender","Geelong Cats"
28,"Dempsey, Ollie R",35,"22yr 2mth","7 Jan 2003","187cm","74kg","Carey Grammar","Midfield","Geelong Cats"
22,"Duncan, Mitchell",296,"33yr 9mth","10 Jun 1991","188cm","84kg","East Perth","Defender","Geelong Cats"
44,"Evans, Francis R",36,"23yr 7mth","23 Aug 2001","182cm","85kg","Calder Cannons","Forward","Geelong Cats"
29,"Guthrie, Cameron",240,"32yr 7mth","19 Aug 1992","187cm","87kg","Calder Cannons","Midfield","Geelong Cats"
39,"Guthrie, Zach",105,"26yr 9mth","30 Jun 1998","188cm","84kg","Calder Cannons","Defender","Geelong Cats"
26,"Hawkins, Tom",359,"36yr 8mth","21 Jul 1988","197cm","105kg","Melbourne Grammar","Forward","Geelong Cats"
38,"Henry, Jack",146,"26yr 7mth","29 Aug 1998","192cm","96kg","Geelong Falcons","Defender","Geelong Cats"
4,"Higgins, Shaun",260,"37yr","4 Mar 1988","184cm","89kg","Geelong Falcons","Forward","Geelong Cats"
9,"Holmes, Max",79,"22yr 7mth","29 Aug 2002","190cm","85kg","Sandringham Dragons","Defender Midfield","Geelong Cats"
10,"Knevitt, Mitchell",17,"22yr 2mth","8 Jan 2003","193cm","85kg","Geelong Falcons","Midfield","Geelong Cats"
8,"Kolodjashnij, Jake",198,"29yr 7mth","9 Aug 1995","193cm","100kg","Launceston","Defender","Geelong Cats"
25,"Kroeger, Flynn",0,"21yr 8mth","23 Jul 2003","185cm","85kg","Eastern Ranges","Midfield","Geelong Cats"
27,"Menegola, Sam",117,"33yr","7 Mar 1992","189cm","89kg","Subiaco","Midfield","Geelong Cats"
32,"Miers, Gryan",134,"26yr","30 Mar 1999","179cm","81kg","Geelong Falcons","Forward","Geelong Cats"
19,"Narkle, Quinton R",57,"27yr 3mth","3 Dec 1997","182cm","81kg","Perth","Forward","Geelong Cats"
33,"Neale, Shannon",23,"22yr 8mth","25 Jul 2002","203cm","101kg","South Fremantle","Forward","Geelong Cats"
42,"O'Connor, Mark",125,"28yr 2mth","17 Jan 1997","189cm","88kg","Ireland","Defender Midfield","Geelong Cats"
3,"Parfitt, Brandan",130,"26yr 11mth","27 Apr 1998","180cm","82kg","Nt Thunder","Midfield","Geelong Cats"
27,"Ratugolea, Esava",99,"26yr 8mth","24 Jul 1998","197cm","108kg","Murray Bushrangers","Defender","Geelong Cats"
23,"Rohan, Gary",204,"33yr 9mth","7 Jun 1991","189cm","92kg","Geelong Falcons","Forward","Geelong Cats"
14,"Selwood, Joel",355,"36yr 10mth","26 May 1988","183cm","84kg","Bendigo","Midfield","Geelong Cats"
37,"Simpson, Sam",25,"26yr 9mth","14 Jun 1998","183cm","75kg","Geelong Falcons","Midfield Forward","Geelong Cats"
7,"Smith, Isaac",280,"36yr 3mth","30 Dec 1988","188cm","83kg","North Ballarat","Midfield Forward","Geelong Cats"
1,"Stanley, Rhys",210,"34yr 4mth","1 Dec 1990","200cm","102kg","West Adelaide","Ruck","Geelong Cats"
18,"Stengle, Tyson",88,"26yr 5mth","19 Oct 1998","175cm","71kg","Woodville West Torrens","Forward","Geelong Cats"
21,"Stephens, Cooper",7,"24yr 2mth","17 Jan 2001","188cm","86kg","Geelong Falcons","Midfield","Geelong Cats"
21,"Stevens, Nick",0,"23yr","23 Mar 2002","193cm","85kg","Gwv Rebels","Midfield","Geelong Cats"
44,"Stewart, Thomas",173,"32yr","15 Mar 1993","190cm","88kg","Geelong Vfl","Defender","Geelong Cats"
36,"Tsapatolis, Paul R",0,"22yr 9mth","20 Jun 2002","202cm","99kg","Basketball","Ruck","Geelong Cats"
2,"Tuohy, Zach",288,"35yr 3mth","10 Dec 1989","187cm","94kg","County Laois, Ireland","Midfield","Geelong Cats"
11,"Whyte, Cooper",1,"22yr 1mth","24 Feb 2003","181cm","78kg","Geelong Falcons","Midfield Forward","Geelong Cats"
41,"Williams, Zane R",0,"23yr 9mth","5 Jun 2001","183cm","71kg","Woodville-West Torrens","Forward","Geelong Cats"
20,"Willis, James",0,"21yr 8mth","10 Jul 2003","181cm","81kg","North Adelaide","Midfield","Geelong Cats"
9,"Ainsworth, Ben",135,"27yr 1mth","10 Feb 1998","178cm","77kg","Gippsland Power","Forward","Gold Coast Suns"
15,"Anderson, Noah",106,"24yr 1mth","17 Feb 2001","192cm","88kg","Oakleigh Chargers","Midfield","Gold Coast Suns"
1,"Andrew, Mac",42,"21yr 3mth","4 Dec 2003","202cm","84kg","Dandenong Stingrays","Defender","Gold Coast Suns"
32,"Atkins, Rory",138,"30yr 8mth","12 Jul 1994","185cm","82kg","Calder Cannons","Defender","Gold Coast Suns"
10,"Ballard, Charlie",134,"25yr 8mth","23 Jul 1999","196cm","95kg","Sturt","Defender","Gold Coast Suns"
12,"Bowes, Jack",125,"27yr 2mth","26 Jan 1998","189cm","85kg","Cairns","Midfield","Gold Coast Suns"
41,"Brock, Sandy R",0,"22yr 3mth","14 Dec 2002","198cm","90kg","Peel Thunder","Defender","Gold Coast Suns"
35,"Budarick, Connor",38,"23yr 11mth","6 Apr 2001","175cm","75kg","Gold Coast Suns Academy","Defender","Gold Coast Suns"
21,"Burgess, Chris R",43,"29yr 4mth","26 Nov 1995","193cm","97kg","","Forward","Gold Coast Suns"
30,"Casboult, Levi",198,"35yr","15 Mar 1990","199cm","104kg","Dandenong Stingrays","Forward","Gold Coast Suns"
18,"Chol, Mabior",88,"28yr 2mth","29 Jan 1997","200cm","98kg","Aspley","Forward","Gold Coast Suns"
25,"Collins, Samuel",129,"30yr 9mth","15 Jun 1994","194cm","98kg","Box Hill Hawks","Defender","Gold Coast Suns"
48,"Conroy, Matt R",0,"24yr 4mth","7 Nov 2000","199cm","95kg","Gold Coast Suns Academy","Ruck","Gold Coast Suns"
33,"Constable, Charlie",16,"25yr 10mth","18 May 1999","192cm","86kg","Sandringham Dragons","Defender Midfield","Gold Coast Suns"
19,"Corbett, Josh",41,"28yr 11mth","23 Apr 1996","190cm","88kg","Werribee","Forward","Gold Coast Suns"
5,"Davies, Alex",32,"23yr","18 Mar 2002","193cm","89kg","Suns Academy","Midfield","Gold Coast Suns"
14,"Day, Sam",157,"32yr 6mth","6 Sep 1992","196cm","106kg","Sturt","Forward","Gold Coast Suns"
4,"Ellis, Brandon",251,"31yr 7mth","3 Aug 1993","181cm","81kg","Calder Cannons","Midfield","Gold Coast Suns"
50,"Farrar, Jy",34,"28yr 3mth","7 Dec 1996","190cm","81kg","Scotch OC","Defender","Gold Coast Suns"
37,"Faulkhead, Oskar R",0,"22yr 1mth","11 Feb 2003","183cm","77kg","Bendigo Pioneers","Midfield Forward","Gold Coast Suns"
8,"Fiorini, Brayden",105,"27yr 7mth","22 Aug 1997","187cm","82kg","Northern Knights","Midfield","Gold Coast Suns"
3,"Flanders, Sam",67,"23yr 8mth","24 Jul 2001","183cm","81kg","Gippsland Power","Defender Midfield","Gold Coast Suns"
46,"Graham, Caleb",37,"24yr 6mth","12 Sep 2000","194cm","97kg","Gold Coast Academy","Defender","Gold Coast Suns"
20,"Hollands, Elijah",36,"22yr 11mth","25 Apr 2002","189cm","86kg","Murray Bushrangers","Forward","Gold Coast Suns"
7,"Holman, Nicholas",133,"29yr 10mth","29 May 1995","188cm","86kg","Central District","Midfield Forward","Gold Coast Suns"
40,"Jeffrey, Joel",30,"23yr","12 Mar 2002","192cm","86kg","Suns Academy","Defender","Gold Coast Suns"
34,"King, Ben",97,"24yr 8mth","7 Jul 2000","202cm","98kg","Sandringham Dragons","Forward","Gold Coast Suns"
23,"Lemmens, Sean",148,"30yr 4mth","2 Nov 1994","184cm","81kg","Port Adelaide","Defender","Gold Coast Suns"
12,"Lukosius, Jack",118,"24yr 7mth","9 Aug 2000","195cm","91kg","Woodville-West Torrens","Forward","Gold Coast Suns"
44,"Macpherson, Darcy",97,"27yr 5mth","29 Oct 1997","175cm","76kg","Northern Knights","Defender","Gold Coast Suns"
37,"Markov, Oleg R",86,"28yr 10mth","8 May 1996","188cm","85kg","North Adelaide","Defender","Gold Coast Suns"
43,"McLennan, Jez R",0,"24yr 6mth","7 Sep 2000","185cm","85kg","Central District","Defender","Gold Coast Suns"
11,"Miller, Touk",193,"29yr 1mth","22 Feb 1996","178cm","84kg","Calder Cannons","Midfield","Gold Coast Suns"
21,"Moyle, Ned",10,"23yr 1mth","15 Feb 2002","206cm","104kg","Oakleigh Chargers","Ruck","Gold Coast Suns"
42,"Murtagh, Patrick R",0,"25yr 1mth","11 Feb 2000","196cm","98kg","Gold Coast Academy","Forward Ruck","Gold Coast Suns"
38,"Nicholls, Rhys R",0,"22yr 6mth","30 Sep 2002","188cm","79kg","Suns Academy","Defender","Gold Coast Suns"
47,"Oea, Hewago",13,"23yr 4mth","13 Nov 2001","177cm","74kg","Suns Academy","Midfield Forward","Gold Coast Suns"
27,"Powell, Wil",107,"25yr 7mth","26 Aug 1999","188cm","87kg","Claremont","Defender","Gold Coast Suns"
23,"Rankine, Izak",86,"24yr 11mth","23 Apr 2000","179cm","82kg","West Adelaide","Forward","Gold Coast Suns"
41,"Rosas, Malcolm R",45,"23yr 9mth","27 Jun 2001","180cm","73kg","NT Thunder","Forward","Gold Coast Suns"
18,"Rowell, Matt",87,"23yr 9mth","1 Jul 2001","180cm","82kg","Oakleigh Chargers","Midfield","Gold Coast Suns"
6,"Sexton, Alex",182,"31yr 3mth","3 Dec 1993","186cm","82kg","Redland","Defender","Gold Coast Suns"
14,"Sharp, Jeremy R",49,"23yr 7mth","13 Aug 2001","189cm","81kg","East Fremantle","Midfield","Gold Coast Suns"
24,"Swallow, David",240,"32yr 4mth","19 Nov 1992","186cm","87kg","East Fremantle","Defender Forward","Gold Coast Suns"
16,"Thompson, Rory",106,"34yr","12 Mar 1991","200cm","100kg","Southport Sharks","Defender","Gold Coast Suns"
21,"Tsitas, James R",5,"30yr","3 Mar 1995","181cm","83kg","Geelong Falcons","Forward","Gold Coast Suns"
32,"Uwland, Bodhi R",26,"21yr 8mth","25 Jul 2003","188cm","89kg","Allies","Defender","Gold Coast Suns"
14,"Weller, Lachlan",144,"29yr 1mth","23 Feb 1996","182cm","80kg","Southport","Defender","Gold Coast Suns"
28,"Witts, Jarrod",183,"32yr 6mth","13 Sep 1992","209cm","110kg","Sydney University","Ruck","Gold Coast Suns"
21,"Aleer, Leek",12,"23yr 7mth","21 Aug 2001","194cm","88kg","Central District","Defender","GWS Giants"
9,"Angwin, Ryan",20,"22yr 3mth","12 Dec 2002","185cm","81kg","Gippsland Power","Midfield","GWS Giants"
7,"Ash, Lachlan",104,"23yr 9mth","21 Jun 2001","188cm","85kg","Murray Bushrangers","Defender","GWS Giants"
31,"Brander, Jarrod",27,"26yr 1mth","11 Feb 1999","195cm","92kg","Bendigo Pioneers","Midfield","GWS Giants"
32,"Briggs, Kieren",52,"25yr 5mth","6 Oct 1999","201cm","108kg","Pennant Hills","Ruck","GWS Giants"
46,"Brown, Callum R",44,"24yr 7mth","15 Aug 2000","188cm","95kg","County Derry","Forward","GWS Giants"
4,"Bruhn, Tanner",66,"22yr 10mth","27 May 2002","184cm","83kg","Geelong Falcons","Midfield","GWS Giants"
44,"Buckley, Jack",69,"27yr 3mth","17 Dec 1997","195cm","91kg","Swans Academy","Defender","GWS Giants"
17,"Callaghan, Finn",53,"21yr 11mth","26 Apr 2003","192cm","86kg","Sandringham Dragons","Midfield","GWS Giants"
3,"Coniglio, Stephen",220,"31yr 3mth","15 Dec 1993","182cm","83kg","Swan Districts","Midfield","GWS Giants"
44,"Cumming, Isaac",84,"26yr 7mth","11 Aug 1998","188cm","84kg","Broken Hill","Midfield","GWS Giants"
16,"Daniels, Brent",109,"26yr","9 Mar 1999","172cm","75kg","Bendigo Pioneers","Forward","GWS Giants"
1,"Davis, Phil R",192,"34yr 7mth","30 Aug 1990","197cm","94kg","North Adelaide","Defender","GWS Giants"
24,"De Boer, Matthew",223,"35yr","10 Mar 1990","189cm","88kg","Claremont","Midfield Forward","GWS Giants"
45,"Derksen, Wade R",0,"23yr 9mth","18 Jun 2001","194cm","90kg","Peel Thunder","Forward","GWS Giants"
34,"Fahey, Josh R",7,"21yr 4mth","11 Nov 2003","187cm","82kg","GWS Academy","Defender","GWS Giants"
29,"Fleeton, Cameron",2,"22yr 9mth","17 Jun 2002","192cm","86kg","Geelong Falcons","Defender","GWS Giants"
25,"Flynn, Matthew",38,"27yr 6mth","13 Sep 1997","202cm","107kg","Narrandera","Ruck","GWS Giants"
12,"Green, Tom",94,"24yr 2mth","23 Jan 2001","192cm","92kg","GWS Giants Academy","Midfield","GWS Giants"
4,"Greene, Toby",242,"31yr 6mth","25 Sep 1993","182cm","85kg","Oakleigh Chargers","Forward","GWS Giants"
43,"Hamilton, Cooper R",8,"21yr 6mth","24 Sep 2003","185cm","88kg","Bendigo Pioneers","Midfield","GWS Giants"
26,"Haynes, Nick",214,"32yr 10mth","18 May 1992","192cm","88kg","Dandenong Stingrays","Defender","GWS Giants"
23,"Hill, Bobby",91,"25yr 1mth","9 Feb 2000","175cm","71kg","Perth","Forward","GWS Giants"
27,"Himmelberg, Harrison",180,"28yr 10mth","8 May 1996","195cm","94kg","Mangoplah Cookardinia United Eastlakes","Defender","GWS Giants"
23,"Hogan, Jesse",166,"30yr 1mth","12 Feb 1995","196cm","100kg","Claremont","Forward","GWS Giants"
2,"Hopper, Jacob",145,"28yr 1mth","6 Feb 1997","187cm","86kg","North Ballarat Rebels","Midfield","GWS Giants"
39,"Idun, Connor",96,"24yr 8mth","29 Jul 2000","193cm","92kg","Geelong Falcons","Defender","GWS Giants"
25,"Keeffe, Lachlan R",119,"34yr 11mth","14 Apr 1990","204cm","101kg","Queensland Under 18s","Ruck","GWS Giants"
22,"Kelly, Joshua",218,"30yr 1mth","12 Feb 1995","184cm","82kg","Sandringham Dragons","Midfield","GWS Giants"
40,"Kennedy, Adam",153,"32yr 8mth","12 Jul 1992","183cm","80kg","Western Jets","Defender Forward","GWS Giants"
38,"Lloyd, Daniel R",101,"33yr 1mth","18 Feb 1992","187cm","83kg","Killarney Vale","Forward","GWS Giants"
33,"O'Halloran, Xavier",70,"24yr 8mth","11 Jul 2000","187cm","89kg","Western Jets","Midfield Forward","GWS Giants"
25,"Peatling, James",48,"24yr 7mth","21 Aug 2000","186cm","79kg","GWS Giants","Midfield","GWS Giants"
12,"Perryman, Harry",132,"26yr 3mth","19 Dec 1998","187cm","83kg","Collingullie","Defender","GWS Giants"
11,"Preuss, Braydon",28,"29yr 9mth","16 Jun 1995","207cm","118kg","Surfers Paradise","Ruck","GWS Giants"
26,"Riccardi, Jake",69,"25yr 4mth","7 Nov 1999","198cm","100kg","Werribee","Forward","GWS Giants"
35,"Shaw, Will R",0,"23yr 9mth","14 Jun 2001","181cm","67kg","Bendigo Pioneers","Defender Midfield","GWS Giants"
28,"Sproule, Zachary R",17,"26yr 10mth","12 May 1998","198cm","94kg","Albury","Forward","GWS Giants"
42,"Stein, Jake R",20,"31yr 2mth","17 Jan 1994","195cm","96kg","Penrith","Defender","GWS Giants"
18,"Stone, Conor",16,"22yr 11mth","22 Apr 2002","189cm","87kg","Oakleigh Chargers","Forward","GWS Giants"
14,"Taranto, Tim",155,"27yr 2mth","28 Jan 1998","188cm","87kg","Sandringham Dragons","Midfield","GWS Giants"
15,"Taylor, Sam",114,"25yr 10mth","5 May 1999","198cm","95kg","Swan Districts","Defender","GWS Giants"
8,"Ward, Callan",318,"34yr 11mth","10 Apr 1990","187cm","83kg","Western Jets","Midfield","GWS Giants"
10,"Wehr, Jacob R",28,"26yr 8mth","5 Jul 1998","185cm","75kg","Woodville-west Torrens","Midfield","GWS Giants"
6,"Whitfield, Lachie",237,"30yr 8mth","18 Jul 1994","185cm","83kg","Dandenong Stingrays","Defender","GWS Giants"
36,"Blanck, James R",24,"24yr 4mth","20 Nov 2000","196cm","93kg","Box Hill Hawks","Defender","Hawthorn Hawks"
29,"Bramble, Lachlan R",57,"26yr 11mth","19 Apr 1998","182cm","77kg","Box Hill","Defender","Hawthorn Hawks"
22,"Breust, Luke",301,"34yr 4mth","11 Nov 1990","182cm","82kg","Temora","Forward","Hawthorn Hawks"
10,"Brockman, Tyler",39,"22yr 4mth","22 Nov 2002","180cm","80kg","Subiaco","Forward","Hawthorn Hawks"
30,"Butler, Sam",19,"22yr 1mth","10 Feb 2003","184cm","81kg","GWV Rebels","Forward","Hawthorn Hawks"
45,"Callow, Jackson R",3,"22yr 9mth","11 Jun 2002","194cm","95kg","Norwood","Forward","Hawthorn Hawks"
12,"Day, Will",74,"23yr 9mth","5 Jun 2001","191cm","83kg","West Adelaide","Midfield","Hawthorn Hawks"
41,"Downie, Connor",2,"22yr 10mth","31 May 2002","185cm","82kg","Eastern Ranges","Midfield","Hawthorn Hawks"
8,"Frost, Sam",185,"31yr 7mth","28 Aug 1993","194cm","94kg","Sandringham Dragons","Defender","Hawthorn Hawks"
24,"Grainger-Barras, Denver",28,"22yr 11mth","17 Apr 2002","194cm","84kg","Swan Districts","Defender Forward","Hawthorn Hawks"
19,"Gunston, Jack",262,"33yr 5mth","16 Oct 1991","193cm","86kg","Sandringham","Forward","Hawthorn Hawks"
15,"Hardwick, Blake",176,"28yr 1mth","5 Feb 1997","183cm","84kg","Eastern Ranges","Defender","Hawthorn Hawks"
28,"Hartigan, Kyle",135,"33yr 4mth","7 Nov 1991","194cm","101kg","Werribee","Defender","Hawthorn Hawks"
15,"Howe, Daniel R",107,"29yr 3mth","4 Dec 1995","193cm","88kg","Murray Bushrangers","Midfield","Hawthorn Hawks"
4,"Impey, Jarman",201,"29yr 8mth","9 Jul 1995","178cm","79kg","Murray Bushrangers","Defender","Hawthorn Hawks"
43,"Jeka, Emerson",7,"23yr 6mth","18 Sep 2001","198cm","92kg","Western Jets","Defender","Hawthorn Hawks"
9,"Jiath, Changkuoth",58,"25yr 9mth","13 Jun 1999","185cm","78kg","Ethiopia","Midfield","Hawthorn Hawks"
20,"Koschitzke, Jacob",62,"24yr 8mth","11 Jul 2000","196cm","96kg","Albury","Forward","Hawthorn Hawks"
2,"Lewis, Mitchell",70,"26yr 5mth","14 Oct 1998","199cm","99kg","Calder Cannons","Forward","Hawthorn Hawks"
44,"Long, Ned R",15,"22yr 1mth","5 Feb 2003","194cm","92kg","Northern Knights","Midfield","Hawthorn Hawks"
18,"Lynch, Max",11,"26yr 6mth","12 Sep 1998","200cm","101kg","Murray Bushrangers","Ruck","Hawthorn Hawks"
31,"MacDonald, Connor",69,"22yr 2mth","13 Jan 2003","185cm","79kg","Dandenong Stingrays","Forward","Hawthorn Hawks"
20,"Maginness, Finn",49,"24yr 1mth","23 Feb 2001","189cm","88kg","Sandringham Dragons","Midfield Forward","Hawthorn Hawks"
7,"McEvoy, Ben",252,"35yr 8mth","11 Jul 1989","200cm","101kg","Murray Bushrangers","Forward Ruck","Hawthorn Hawks"
40,"Mitchell, Seamus R",24,"22yr 8mth","3 Jul 2002","181cm","80kg","Bendigo Pioneers","Defender","Hawthorn Hawks"
6,"Mitchell, Tom",203,"31yr 10mth","31 May 1993","182cm","88kg","Claremont","Midfield","Hawthorn Hawks"
13,"Moore, Dylan",104,"25yr 7mth","4 Aug 1999","177cm","77kg","Eastern Ranges","Forward","Hawthorn Hawks"
35,"Morris, Josh",15,"23yr 4mth","7 Nov 2001","186cm","80kg","Woodville West Torrens","Defender","Hawthorn Hawks"
1,"Morrison, Harry",107,"26yr 4mth","12 Nov 1998","184cm","79kg","Murray Bushrangers","Midfield","Hawthorn Hawks"
11,"Nash, Conor",102,"26yr 8mth","28 Jul 1998","198cm","94kg","Dublin","Midfield","Hawthorn Hawks"
3,"Newcombe, Jai",80,"23yr 7mth","2 Aug 2001","187cm","92kg","Box Hill","Midfield","Hawthorn Hawks"
34,"O'Hara, Fionn R",0,"23yr 1mth","28 Feb 2002","186cm","81kg","Westmeath","Defender","Hawthorn Hawks"
2,"O'Meara, Jaeger",188,"31yr 1mth","23 Feb 1994","184cm","84kg","Perth Demons","Midfield","Hawthorn Hawks"
21,"Phillips, Tom",115,"28yr 10mth","7 May 1996","187cm","80kg","Oakleigh Chargers","Midfield","Hawthorn Hawks"
38,"Ramsden, Max R",5,"21yr 11mth","19 Apr 2003","203cm","86kg","Sandringham Dragons","Forward","Hawthorn Hawks"
7,"Reeves, Ned",42,"26yr 5mth","31 Oct 1998","210cm","103kg","Box Hill","Ruck","Hawthorn Hawks"
43,"Saunders, Jack R",1,"23yr 1mth","11 Feb 2002","180cm","76kg","Norwood","Forward","Hawthorn Hawks"
14,"Scrimshaw, Jack",109,"26yr 6mth","4 Sep 1998","194cm","90kg","Sandringham Dragons","Defender","Hawthorn Hawks"
29,"Serong, Jai",10,"22yr 1mth","16 Feb 2003","193cm","84kg","Gippsland Power","Defender","Hawthorn Hawks"
14,"Shiels, Liam R",288,"33yr 11mth","29 Apr 1991","184cm","82kg","Hawthorn","Midfield","Hawthorn Hawks"
6,"Sicily, James",160,"30yr 2mth","6 Jan 1995","188cm","90kg","Western Jets","Defender","Hawthorn Hawks"
25,"Ward, Josh",45,"21yr 7mth","15 Aug 2003","183cm","80kg","Northern Knights","Midfield","Hawthorn Hawks"
20,"Wingard, Chad",218,"31yr 8mth","29 Jul 1993","183cm","80kg","Sturt","Forward","Hawthorn Hawks"
5,"Worpel, James",128,"26yr 2mth","24 Jan 1999","186cm","86kg","Geelong Falcons","Midfield","Hawthorn Hawks"
13,"Baker, Oskar R",41,"26yr 10mth","25 May 1998","184cm","87kg","Aspley","Midfield","Melbourne Demons"
14,"Bedford, Toby",63,"24yr 10mth","27 May 2000","179cm","75kg","Dandenong Stingrays","Midfield Forward","Melbourne Demons"
17,"Bowey, Jake",64,"22yr 6mth","12 Sep 2002","175cm","72kg","Sandringham Dragons","Defender","Melbourne Demons"
10,"Brayshaw, Angus",167,"29yr 2mth","9 Jan 1996","188cm","90kg","Sandringham Dragons","Defender Midfield","Melbourne Demons"
50,"Brown, Ben",175,"32yr 4mth","20 Nov 1992","200cm","100kg","Werribee Tigers","Forward","Melbourne Demons"
38,"Brown, Mitchell R",79,"34yr 7mth","28 Aug 1990","196cm","91kg","Sandringham Dragons","Forward","Melbourne Demons"
37,"Chandler, Kade",59,"25yr 2mth","13 Jan 2000","175cm","79kg","Norwood","Forward","Melbourne Demons"
28,"Daw, Majak R",54,"34yr","11 Mar 1991","195cm","97kg","Western Jets","Defender Ruck","Melbourne Demons"
27,"Dunstan, Luke",121,"30yr 2mth","29 Jan 1995","185cm","86kg","Woodville West Torrens","Midfield","Melbourne Demons"
31,"Fritsch, Bayley",152,"28yr 3mth","6 Dec 1996","188cm","86kg","Casey Demons","Forward","Melbourne Demons"
11,"Gawn, Max",227,"33yr 3mth","30 Dec 1991","209cm","110kg","Sandringham Dragons","Ruck","Melbourne Demons"
22,"Harmes, James",164,"29yr 5mth","5 Oct 1995","186cm","86kg","Dandenong Stingrays","Midfield Forward","Melbourne Demons"
14,"Hibberd, Michael",197,"35yr 2mth","3 Jan 1990","186cm","94kg","Frankston","Defender","Melbourne Demons"
22,"Howes, Blake",19,"21yr 11mth","7 Apr 2003","191cm","82kg","Sandringham Dragons","Defender","Melbourne Demons"
5,"Hunt, Jayden",160,"29yr 11mth","3 Apr 1995","188cm","82kg","Brighton Grammar","Defender Midfield","Melbourne Demons"
9,"Jackson, Luke",101,"23yr 6mth","29 Sep 2001","199cm","102kg","East Fremantle","Forward Ruck","Melbourne Demons"
17,"Jordon, James",94,"24yr 3mth","20 Dec 2000","187cm","82kg","Oakleigh Chargers","Midfield Forward","Melbourne Demons"
15,"Langdon, Ed",182,"29yr 2mth","1 Feb 1996","182cm","78kg","Sandringham Dragons","Midfield","Melbourne Demons"
16,"Laurie, Bailey",11,"23yr","24 Mar 2002","179cm","79kg","Oakleigh Chargers","Midfield Forward","Melbourne Demons"
8,"Lever, Jake",180,"29yr","5 Mar 1996","194cm","94kg","Calder Cannons","Defender","Melbourne Demons"
1,"May, Steven",236,"33yr 2mth","10 Jan 1992","193cm","101kg","Southern Districts","Defender","Melbourne Demons"
25,"McDonald, Tom",235,"32yr 6mth","18 Sep 1992","195cm","101kg","North Ballarat","Defender","Melbourne Demons"
4,"McVee, Judd R",48,"21yr 7mth","7 Aug 2003","185cm","76kg","East Fremantle","Defender","Melbourne Demons"
18,"Melksham, Jake",230,"33yr 7mth","29 Aug 1991","186cm","85kg","Calder Cannons","Forward","Melbourne Demons"
45,"Moniz-Wakefield, Andy R",6,"21yr 5mth","26 Oct 2003","182cm","78kg","NT Thunder","Defender","Melbourne Demons"
28,"Neal-Bullen, Alex",179,"29yr 2mth","9 Jan 1996","182cm","80kg","Glenelg","Midfield Forward","Melbourne Demons"
13,"Oliver, Clayton",186,"27yr 8mth","22 Jul 1997","189cm","88kg","Murray Bushrangers","Midfield","Melbourne Demons"
5,"Petracca, Christian",192,"29yr 2mth","4 Jan 1996","187cm","94kg","Eastern Ranges","Midfield","Melbourne Demons"
35,"Petty, Harrison",85,"25yr 4mth","12 Nov 1999","197cm","94kg","Norwood","Forward","Melbourne Demons"
36,"Pickett, Kysaiah",106,"23yr 9mth","2 Jun 2001","171cm","73kg","Woodville West Torrens","Forward","Melbourne Demons"
24,"Rivers, Trent",103,"23yr 8mth","30 Jul 2001","188cm","87kg","East Fremantle","Defender Midfield","Melbourne Demons"
19,"Rosman, Fraser",0,"22yr 10mth","30 May 2002","194cm","84kg","Sandringham Dragons","Midfield","Melbourne Demons"
3,"Salem, Christian",179,"29yr 8mth","15 Jul 1995","184cm","81kg","Sandringham Dragons","Defender","Melbourne Demons"
34,"Smith, Deakyn R",0,"22yr 7mth","22 Aug 2002","181cm","72kg","Dandenong Stingrays","Defender","Melbourne Demons"
29,"Smith, Joel",42,"29yr 1mth","25 Feb 1996","191cm","90kg","Geelong Supercats","Forward","Melbourne Demons"
9,"Spargo, Charlie",99,"25yr 4mth","25 Nov 1999","172cm","75kg","Murray Bushrangers","Forward","Melbourne Demons"
32,"Sparrow, Tom",98,"24yr 10mth","31 May 2000","183cm","85kg","South Adelaide","Midfield","Melbourne Demons"
20,"Tomlinson, Adam",185,"31yr 7mth","10 Aug 1993","194cm","95kg","Oakleigh Chargers","Defender","Melbourne Demons"
10,"Turner, Daniel",19,"23yr 2mth","28 Jan 2002","194cm","87kg","Murray Bushrangers","Forward","Melbourne Demons"
2,"Van Rooyen, Jacob",44,"21yr 11mth","16 Apr 2003","193cm","96kg","Claremont","Forward","Melbourne Demons"
7,"Viney, Jack",222,"30yr 11mth","13 Apr 1994","179cm","93kg","Oakleigh Chargers","Midfield","Melbourne Demons"
10,"Weideman, Sam",76,"27yr 9mth","26 Jun 1997","197cm","99kg","Eastern Ranges","Forward","Melbourne Demons"
40,"Woewodin, Taj",21,"22yr","26 Mar 2003","182cm","81kg","East Fremantle","Defender","Melbourne Demons"
17,"Anderson, Jed R",99,"31yr 1mth","2 Feb 1994","179cm","81kg","Territory Thunder","Midfield Forward","North Melbourne Kangaroos"
34,"Archer, Jackson",24,"22yr 2mth","9 Jan 2003","187cm","80kg","Northern Knights","Defender","North Melbourne Kangaroos"
27,"Bergman, Miller",16,"22yr 2mth","25 Jan 2003","189cm","73kg","Dandenong Stingrays","Defender","North Melbourne Kangaroos"
16,"Bonar, Aiden",34,"26yr","8 Mar 1999","188cm","87kg","Dandenong Stingrays","Defender","North Melbourne Kangaroos"
15,"Bosenavulagi, Atu",20,"24yr 6mth","17 Sep 2000","180cm","83kg","Oakleigh Chargers","Defender","North Melbourne Kangaroos"
21,"Coleman-Jones, Callum",31,"25yr 9mth","13 Jun 1999","200cm","104kg","Sturt","Forward","North Melbourne Kangaroos"
30,"Comben, Charlie",31,"23yr 8mth","20 Jul 2001","199cm","94kg","Gippsland Power","Defender","North Melbourne Kangaroos"
4,"Corr, Aidan",165,"30yr 10mth","17 May 1994","195cm","96kg","Northern Knights","Defender","North Melbourne Kangaroos"
10,"Cunnington, Ben",238,"33yr 9mth","30 Jun 1991","185cm","88kg","Geelong Falcons","Midfield Forward","North Melbourne Kangaroos"
25,"Curtis, Paul",62,"22yr","4 Mar 2003","185cm","84kg","Western Jets","Forward","North Melbourne Kangaroos"
9,"Davies-Uniacke, Luke",111,"25yr 9mth","8 Jun 1999","188cm","89kg","Dandenong Stingrays","Midfield","North Melbourne Kangaroos"
42,"Dawson, Kallan R",16,"26yr 8mth","22 Jul 1998","196cm","90kg","Williamstown VFL","Defender","North Melbourne Kangaroos"
32,"Edwards, Jacob R",0,"22yr 4mth","22 Nov 2002","202cm","85kg","Sandringham Dragons","Forward Ruck","North Melbourne Kangaroos"
40,"Ford, Eddie",40,"22yr 9mth","21 Jun 2002","189cm","81kg","Western Jets","Forward","North Melbourne Kangaroos"
31,"Goater, Josh",12,"21yr 9mth","2 Jun 2003","190cm","87kg","Calder Cannons","Defender","North Melbourne Kangaroos"
17,"Goldstein, Todd",329,"36yr 9mth","1 Jul 1988","201cm","101kg","Oakleigh","Ruck","North Melbourne Kangaroos"
1,"Greenwood, Hugh",121,"33yr","6 Mar 1992","190cm","92kg","Perth Wildcats","Midfield","North Melbourne Kangaroos"
43,"Hall, Aaron",161,"34yr 4mth","9 Nov 1990","185cm","85kg","Hobart","Defender","North Melbourne Kangaroos"
37,"Hayden, Kyron R",17,"25yr 9mth","7 Jun 1999","186cm","87kg","Subiaco","Defender","North Melbourne Kangaroos"
18,"Horne-Francis, Jason",68,"21yr 9mth","21 Jun 2003","185cm","85kg","South Adelaide","Midfield Forward","North Melbourne Kangaroos"
20,"Larkey, Nick",120,"26yr 9mth","6 Jun 1998","198cm","96kg","Oakleigh Chargers","Forward","North Melbourne Kangaroos"
35,"Lazzaro, Charlie",39,"23yr","25 Mar 2002","180cm","80kg","Geelong Falcons","Midfield Forward","North Melbourne Kangaroos"
42,"Lynch, Tom R",164,"34yr 6mth","15 Sep 1990","193cm","88kg","Sandringham Dragons","Forward","North Melbourne Kangaroos"
42,"Mahony, Jack",44,"23yr 4mth","12 Nov 2001","177cm","73kg","Sandringham Dragons","Midfield Forward","North Melbourne Kangaroos"
11,"McDonald, Luke",206,"30yr 1mth","9 Feb 1995","189cm","87kg","Werribee","Defender","North Melbourne Kangaroos"
41,"McGuinness, Matthew R",0,"24yr 8mth","13 Jul 2000","192cm","77kg","Tasmania Devils","Defender Forward","North Melbourne Kangaroos"
32,"McKay, Ben",97,"27yr 3mth","24 Dec 1997","202cm","104kg","Gippsland Power","Defender","North Melbourne Kangaroos"
39,"Perez, Flynn",24,"23yr 7mth","25 Aug 2001","188cm","85kg","Bendigo Pioneers","Defender Midfield","North Melbourne Kangaroos"
29,"Phillips, Will",46,"22yr 10mth","22 May 2002","181cm","81kg","Oakleigh Chargers","Midfield","North Melbourne Kangaroos"
13,"Polec, Jared R",148,"32yr 5mth","12 Oct 1992","187cm","86kg","Woodville West Torrens","Midfield","North Melbourne Kangaroos"
24,"Powell, Tom",71,"23yr","2 Mar 2002","184cm","79kg","Sturt","Midfield","North Melbourne Kangaroos"
8,"Scott, Bailey",104,"24yr 8mth","9 Jul 2000","186cm","77kg","Gc Suns Academy","Midfield","North Melbourne Kangaroos"
12,"Simpkin, Jy",155,"27yr","5 Mar 1998","183cm","77kg","Murray Bushrangers","Midfield Forward","North Melbourne Kangaroos"
36,"Spicer, Phoenix",12,"23yr 2mth","30 Jan 2002","173cm","64kg","South Adelaide","Forward","North Melbourne Kangaroos"
2,"Stephenson, Jaidyn",122,"26yr 2mth","15 Jan 1999","189cm","79kg","Eastern Ranges","Forward","North Melbourne Kangaroos"
5,"Taylor, Curtis",76,"24yr 11mth","6 Apr 2000","188cm","82kg","Calder Cannons","Midfield Forward","North Melbourne Kangaroos"
26,"Thomas, Tarryn",69,"25yr","25 Mar 2000","190cm","83kg","North Launcestion","Midfield","North Melbourne Kangaroos"
28,"Turner, Kayne R",130,"29yr 3mth","31 Dec 1995","180cm","71kg","Wodonga Football","Defender Forward","North Melbourne Kangaroos"
19,"Walker, Joshua",139,"32yr 4mth","12 Nov 1992","197cm","98kg","Geelong Falcons","Defender","North Melbourne Kangaroos"
33,"Walker, Patrick R",0,"22yr 8mth","9 Jul 2002","187cm","76kg","North Hobart","Defender Midfield","North Melbourne Kangaroos"
38,"Xerri, Tristan",59,"26yr","15 Mar 1999","202cm","99kg","Western Jets","Ruck","North Melbourne Kangaroos"
17,"Young, Lachie",47,"25yr 11mth","6 Apr 1999","189cm","81kg","Mt Eliza Football Netball Club","Defender","North Melbourne Kangaroos"
7,"Ziebell, Jack",280,"34yr 1mth","28 Feb 1991","188cm","89kg","Murray Bushrangers","Defender Forward","North Melbourne Kangaroos"
44,"Zurhaar, Cameron",124,"26yr 10mth","22 May 1998","190cm","91kg","East Fremantle","Forward","North Melbourne Kangaroos"
21,"Aliir, Aliir",159,"30yr 6mth","5 Sep 1994","194cm","96kg","East Fremantle","Defender","Port Adelaide Power"
10,"Amon, Karl",174,"29yr 7mth","19 Aug 1995","181cm","71kg","Sandringham Dragons","Defender","Port Adelaide Power"
14,"Bergman, Miles",86,"23yr 5mth","18 Oct 2001","189cm","86kg","Sandringham Dragons","Defender Midfield","Port Adelaide Power"
10,"Boak, Travis",374,"36yr 8mth","1 Aug 1988","183cm","86kg","Geelong Falcons","Midfield","Port Adelaide Power"
36,"Bonner, Riley",112,"28yr","7 Mar 1997","190cm","85kg","West Adelaide","Defender Midfield","Port Adelaide Power"
7,"Burgoyne, Jase",39,"21yr 8mth","15 Jul 2003","186cm","70kg","Eagles","Midfield","Port Adelaide Power"
3,"Burton, Ryan",156,"28yr 2mth","31 Jan 1997","191cm","92kg","North Adelaide","Defender","Port Adelaide Power"
9,"Butters, Zak",119,"24yr 6mth","8 Sep 2000","181cm","77kg","Western Jets","Midfield","Port Adelaide Power"
33,"Byrne-Jones, Darcy",202,"29yr 6mth","20 Sep 1995","181cm","77kg","Oakleigh Chargers","Forward","Port Adelaide Power"
17,"Clurey, Tom",124,"31yr","23 Mar 1994","193cm","95kg","Murray Bushrangers","Defender","Port Adelaide Power"
22,"Dixon, Charlie",221,"34yr 6mth","23 Sep 1990","200cm","110kg","Redland","Forward","Port Adelaide Power"
28,"Drew, Willem",110,"26yr 6mth","1 Oct 1998","188cm","86kg","North Ballarat Rebels","Midfield","Port Adelaide Power"
43,"Dumont, Trent R",121,"29yr 9mth","30 Jun 1995","186cm","86kg","Norwood","Midfield","Port Adelaide Power"
28,"Duursma, Xavier",91,"24yr 8mth","7 Jul 2000","186cm","82kg","Gippsland Power","Midfield","Port Adelaide Power"
14,"Fantasia, Orazio",114,"29yr 6mth","14 Sep 1995","180cm","73kg","Norwood","Forward","Port Adelaide Power"
6,"Farrell, Kane",96,"26yr","17 Mar 1999","182cm","80kg","Bendigo Pioneers","Defender","Port Adelaide Power"
11,"Finlayson, Jeremy",121,"29yr 1mth","9 Feb 1996","197cm","93kg","Hills Eagles","Forward","Port Adelaide Power"
45,"Frederick, Martin",14,"24yr 10mth","17 May 2000","178cm","80kg","Sudan","Defender","Port Adelaide Power"
19,"Georgiades, Mitch",72,"23yr 6mth","28 Sep 2001","192cm","92kg","Subiaco","Forward","Port Adelaide Power"
9,"Gray, Robbie",271,"37yr","30 Mar 1988","183cm","84kg","Oakleigh","Forward","Port Adelaide Power"
25,"Hayes, Sam",11,"25yr 9mth","9 Jun 1999","205cm","102kg","Eastern Ranges","Ruck","Port Adelaide Power"
9,"Houston, Dan",170,"27yr 10mth","12 May 1997","186cm","88kg","Oakleigh Chargers","Defender","Port Adelaide Power"
39,"Jackson, Hugh",0,"21yr 10mth","3 May 2003","182cm","75kg","North Adelaide","Midfield","Port Adelaide Power"
1,"Jonas, Thomas",216,"34yr 2mth","9 Jan 1991","188cm","90kg","Norwood","Defender","Port Adelaide Power"
34,"Jones, Lachlan",58,"22yr 11mth","9 Apr 2002","186cm","91kg","-","Defender","Port Adelaide Power"
30,"Lord, Ollie",19,"23yr 2mth","2 Jan 2002","197cm","92kg","Sandringham Dragons","Forward","Port Adelaide Power"
29,"Lycett, Scott",146,"32yr 6mth","26 Sep 1992","203cm","102kg","Port Magpies","Ruck","Port Adelaide Power"
4,"Marshall, Todd",116,"26yr 5mth","8 Oct 1998","198cm","94kg","Murray Bushrangers","Forward","Port Adelaide Power"
32,"Mayes, Sam R",121,"30yr 10mth","20 May 1994","187cm","86kg","North Adelaide","Forward","Port Adelaide Power"
41,"McEntee, Jed R",46,"24yr 1mth","15 Feb 2001","176cm","80kg","Sturt","Forward","Port Adelaide Power"
12,"McKenzie, Trent",165,"32yr 11mth","3 Apr 1992","191cm","89kg","Western Jets","Defender","Port Adelaide Power"
44,"Mead, Jackson",47,"23yr 6mth","30 Sep 2001","184cm","85kg","Woodville West Torrens","Midfield Forward","Port Adelaide Power"
6,"Motlop, Steven",217,"34yr","12 Mar 1991","183cm","82kg","Wanderers","Forward","Port Adelaide Power"
24,"Pasini, Jake R",0,"24yr 1mth","6 Feb 2001","192cm","86kg","Swan Districts","Defender","Port Adelaide Power"
2,"Powell-Pepper, Sam",145,"27yr 2mth","8 Jan 1998","187cm","98kg","East Perth","Forward","Port Adelaide Power"
1,"Rozee, Connor",132,"25yr 2mth","22 Jan 2000","185cm","79kg","North Adelaide","Midfield","Port Adelaide Power"
37,"Schofield, Taj R",0,"22yr 6mth","7 Sep 2002","178cm","73kg","Woodville-west Torrens","Midfield Forward","Port Adelaide Power"
8,"Sinn, Josh",13,"22yr 2mth","7 Jan 2003","187cm","83kg","Sandringham Dragons","Defender","Port Adelaide Power"
31,"Skinner, Sam",5,"27yr 9mth","29 Jun 1997","197cm","99kg","Gippsland Power","Defender Forward","Port Adelaide Power"
43,"Teakle, Brynn R",17,"25yr 5mth","16 Oct 1999","203cm","96kg","East Fremantle","Forward","Port Adelaide Power"
38,"Visentini, Dante",6,"22yr 1mth","13 Feb 2003","202cm","98kg","Sandringham Dragons","Ruck","Port Adelaide Power"
23,"Williams, Dylan R",27,"23yr 9mth","1 Jul 2001","186cm","85kg","Oakleigh Chargers","Defender","Port Adelaide Power"
16,"Wines, Oliver",256,"30yr 5mth","7 Oct 1994","187cm","98kg","Bendigo Pioneers","Midfield","Port Adelaide Power"
16,"Aarts, Jake R",42,"30yr 3mth","8 Dec 1994","177cm","76kg","Richmond Football Club","Midfield Forward","Richmond Tigers"
3,"Baker, Liam",131,"27yr 2mth","27 Jan 1998","173cm","72kg","Subiaco","Midfield Forward","Richmond Tigers"
21,"Balta, Noah",104,"25yr 5mth","23 Oct 1999","194cm","105kg","Calder Cannons","Defender Forward","Richmond Tigers"
41,"Banks, Sam",23,"21yr 11mth","2 Apr 2003","187cm","74kg","Tasmania Devils","Midfield","Richmond Tigers"
43,"Bauer, Jacob R",10,"22yr 9mth","4 Jun 2002","192cm","86kg","North Adelaide","Forward","Richmond Tigers"
15,"Bolton, Shai",137,"26yr 3mth","8 Dec 1998","176cm","77kg","South Fremantle","Midfield Forward","Richmond Tigers"
35,"Broad, Nathan",151,"31yr 11mth","15 Apr 1993","192cm","86kg","Swan Districts","Defender","Richmond Tigers"
30,"Brown, Tom",22,"21yr 8mth","30 Jul 2003","193cm","81kg","Murray Bushrangers","Defender","Richmond Tigers"
22,"Caddy, Josh",174,"32yr 6mth","28 Sep 1992","186cm","87kg","Northern Knights","Midfield","Richmond Tigers"
11,"Castagna, Jason",134,"28yr 8mth","12 Jul 1996","182cm","82kg","Northern Knights","Forward","Richmond Tigers"
23,"Clarke, Judson",17,"21yr 5mth","17 Oct 2003","180cm","73kg","Dandenong Stingrays","Forward","Richmond Tigers"
39,"Colina, Mate R",0,"25yr 10mth","20 May 1999","211cm","113kg","Hawaii","Ruck","Richmond Tigers"
26,"Collier-Dawkins, Riley",11,"25yr 1mth","3 Feb 2000","191cm","90kg","Oakleigh Chargers","Midfield","Richmond Tigers"
9,"Cotchin, Trent",306,"34yr 11mth","7 Apr 1990","185cm","86kg","Northern Knights","Midfield Forward","Richmond Tigers"
38,"Cumberland, Noah",25,"24yr","15 Mar 2001","183cm","78kg","Brisbane Lions Academy","Forward","Richmond Tigers"
27,"Dow, Thomson",37,"23yr 5mth","16 Oct 2001","184cm","79kg","Bendigo Pioneers","Midfield","Richmond Tigers"
10,"Edwards, Shane",303,"36yr 5mth","25 Oct 1988","182cm","78kg","Nth Adelaide","Midfield Forward","Richmond Tigers"
18,"Gibcus, Josh",20,"21yr 11mth","4 Apr 2003","196cm","91kg","GWV Rebels","Defender","Richmond Tigers"
17,"Graham, Jack",133,"27yr 1mth","25 Feb 1998","181cm","85kg","North Adelaide","Midfield Forward","Richmond Tigers"
2,"Grimes, Dylan",234,"33yr 8mth","16 Jul 1991","194cm","92kg","Northern Knights","Defender","Richmond Tigers"
23,"Lambert, Kane",135,"33yr 4mth","26 Nov 1991","178cm","77kg","Williamstown","Forward","Richmond Tigers"
19,"Lynch, Tom",222,"32yr 5mth","31 Oct 1992","199cm","100kg","Dandenong Stingrays","Forward","Richmond Tigers"
7,"Mansell, Rhyan",56,"24yr 9mth","4 Jun 2000","180cm","77kg","Woodville West-Torrens","Forward","Richmond Tigers"
4,"Martin, Dustin",302,"33yr 9mth","26 Jun 1991","187cm","93kg","Bendigo Pioneers","Forward","Richmond Tigers"
36,"Martyn, Will",3,"24yr","29 Mar 2001","186cm","82kg","Brisbane Lions Academy","Midfield","Richmond Tigers"
33,"McIntosh, Kamdyn",193,"30yr 11mth","3 Apr 1994","191cm","92kg","Peel Thunder","Midfield","Richmond Tigers"
12,"Miller, Ben",49,"25yr 7mth","31 Aug 1999","198cm","97kg","Subiaco","Defender","Richmond Tigers"
25,"Nankervis, Toby",160,"30yr 7mth","12 Aug 1994","199cm","102kg","North Launceston","Ruck","Richmond Tigers"
28,"Nyuon, Bigoa R",4,"23yr 10mth","18 May 2001","197cm","90kg","Dandenong Stingrays","Forward","Richmond Tigers"
37,"Parker, Matthew R",30,"29yr 2mth","25 Jan 1996","188cm","80kg","South Fremantle","Forward","Richmond Tigers"
50,"Pickett, Marlion R",91,"33yr 2mth","6 Jan 1992","184cm","83kg","South Fremantle","Midfield Forward","Richmond Tigers"
3,"Prestia, Dion",225,"32yr 5mth","12 Oct 1992","175cm","84kg","Calder Cannons","Midfield","Richmond Tigers"
13,"Ralphsmith, Hugo",50,"23yr 4mth","9 Nov 2001","187cm","81kg","Sandringham Dragons","Midfield","Richmond Tigers"
8,"Riewoldt, Jack",347,"36yr 5mth","31 Oct 1988","193cm","92kg","Tassie Mariners","Forward","Richmond Tigers"
17,"Rioli, Daniel",185,"27yr 11mth","16 Apr 1997","179cm","78kg","North Ballarat Rebels","Defender","Richmond Tigers"
17,"Rioli, Maurice",36,"22yr 7mth","1 Sep 2002","179cm","81kg","Oakleigh","Forward","Richmond Tigers"
5,"Ross, Jack",73,"24yr 6mth","3 Sep 2000","187cm","87kg","Oakleigh Chargers","Midfield","Richmond Tigers"
32,"Ryan, Samson",23,"24yr 3mth","9 Dec 2000","206cm","103kg","Lions Academy","Forward Ruck","Richmond Tigers"
15,"Short, Jayden",178,"29yr 2mth","24 Jan 1996","178cm","75kg","Northern Knights","Defender","Richmond Tigers"
13,"Soldo, Ivan",66,"28yr 11mth","14 Apr 1996","204cm","110kg","Daramalan College","Ruck","Richmond Tigers"
40,"Sonsie, Tyler",26,"22yr 2mth","27 Jan 2003","181cm","77kg","Eastern Ranges","Forward","Richmond Tigers"
44,"Stack, Sydney R",35,"24yr 11mth","28 Apr 2000","179cm","75kg","Federals FC","Defender","Richmond Tigers"
6,"Tarrant, Robbie",194,"35yr 11mth","25 Apr 1989","196cm","96kg","Bendigo Pioneers","Defender","Richmond Tigers"
1,"Vlastuin, Nick",236,"30yr 11mth","19 Apr 1994","187cm","88kg","Northern Knights","Defender","Richmond Tigers"
27,"Adams, Oscar",0,"21yr 8mth","23 Jul 2003","197cm","83kg","Glenelg","Defender","St Kilda Saints"
30,"Allison, Matthew",0,"23yr 2mth","29 Jan 2002","195cm","88kg","Calder Cannons","Forward","St Kilda Saints"
24,"Battle, Josh",127,"26yr 7mth","1 Sep 1998","193cm","93kg","Dandenong Stingrays","Defender","St Kilda Saints"
14,"Billings, Jack",172,"29yr 7mth","18 Aug 1995","185cm","81kg","Oakleigh Chargers","Midfield Forward","St Kilda Saints"
16,"Butler, Daniel",145,"28yr 9mth","3 Jun 1996","182cm","81kg","North Ballarat Rebels","Forward","St Kilda Saints"
13,"Byrnes, Ryan",66,"23yr 10mth","3 May 2001","181cm","84kg","Sandringham Dragons","Midfield","St Kilda Saints"
27,"Bytel, Jack R",29,"25yr","14 Mar 2000","189cm","82kg","Calder Cannons","Midfield","St Kilda Saints"
29,"Campbell, Tom",58,"33yr 4mth","2 Nov 1991","201cm","108kg","Bendigo Bombers","Ruck","St Kilda Saints"
11,"Clark, Hunter",100,"26yr","26 Mar 1999","186cm","83kg","Dandenong Stingrays","Midfield","St Kilda Saints"
17,"Coffield, Nicholas",60,"25yr 5mth","23 Oct 1999","191cm","90kg","Northern Knights","Defender","St Kilda Saints"
37,"Connolly, Leo",7,"23yr 7mth","7 Aug 2001","181cm","77kg","Gippsland Power","Defender","St Kilda Saints"
5,"Crouch, Brad R",161,"31yr 2mth","14 Jan 1994","186cm","86kg","North Ballarat Rebels","Midfield","St Kilda Saints"
14,"Geary, Jarryn",207,"36yr 9mth","23 Jun 1988","183cm","82kg","Bendigo Pioneers","Midfield","St Kilda Saints"
11,"Gresham, Jade",161,"27yr 7mth","24 Aug 1997","177cm","81kg","Northern Knights","Forward","St Kilda Saints"
10,"Hannebery, Daniel",226,"34yr 1mth","24 Feb 1991","181cm","81kg","Oakleigh Chargers","Midfield","St Kilda Saints"
18,"Hayes, Jack R",8,"29yr","6 Mar 1996","194cm","94kg","Woodville-West Torrens","Forward","St Kilda Saints"
42,"Heath, Max R",0,"22yr 5mth","24 Oct 2002","204cm","97kg","Sandringham Dragons","Forward Ruck","St Kilda Saints"
1,"Higgins, Jack",125,"26yr","19 Mar 1999","178cm","82kg","Oakleigh Chargers","Forward","St Kilda Saints"
34,"Highmore, Tom",16,"27yr 1mth","24 Feb 1998","193cm","86kg","South Adelaide","Defender","St Kilda Saints"
8,"Hill, Bradley",258,"31yr 8mth","9 Jul 1993","182cm","81kg","West Perth","Midfield Forward","St Kilda Saints"
20,"Howard, Dougal",135,"29yr","25 Mar 1996","199cm","94kg","Murray Bushrangers","Defender","St Kilda Saints"
3,"Jones, Zak",152,"30yr","15 Mar 1995","182cm","84kg","Dandenong Stingrays","Midfield","St Kilda Saints"
41,"Joyce, Darragh R",24,"27yr 11mth","23 Apr 1997","195cm","96kg","Kilkenny","Defender","St Kilda Saints"
25,"Kent, Dean",100,"31yr 1mth","24 Feb 1994","181cm","83kg","Perth","Forward","St Kilda Saints"
12,"King, Max",83,"24yr 8mth","7 Jul 2000","202cm","100kg","Sandringham Dragons","Forward","St Kilda Saints"
46,"Kyle, Josiah R",0,"21yr 8mth","31 Jul 2003","182cm","72kg","Dandenong Stringrays","Forward","St Kilda Saints"
31,"Lienert, Jarrod",34,"30yr 7mth","5 Aug 1994","195cm","88kg","Sturt Fc","Defender","St Kilda Saints"
22,"Long, Ben",113,"27yr 7mth","21 Aug 1997","186cm","81kg","Nt Thunder","Forward","St Kilda Saints"
19,"Marshall, Rowan",136,"29yr 4mth","24 Nov 1995","201cm","105kg","North Ballarat","Ruck","St Kilda Saints"
36,"McKenzie, Daniel",73,"28yr 10mth","17 May 1996","184cm","81kg","Oakleigh Chargers","Midfield","St Kilda Saints"
28,"Membrey, Tim",182,"30yr 10mth","26 May 1994","188cm","92kg","Gippsland Power","Forward","St Kilda Saints"
10,"Owens, Mitchito",55,"21yr 6mth","24 Sep 2003","191cm","91kg","Sandringham Dragons","Forward","St Kilda Saints"
25,"Paton, Ben R",73,"26yr 5mth","19 Oct 1998","187cm","82kg","Murray Bushrangers","Defender Forward","St Kilda Saints"
45,"Peris, Jack R",1,"21yr 3mth","17 Dec 2003","178cm","69kg","Sandringham Dragons","Midfield Forward","St Kilda Saints"
6,"Ross, Sebastian",211,"31yr 10mth","7 May 1993","187cm","90kg","North Ballarat Rebels","Midfield","St Kilda Saints"
18,"Ryder, Patrick",281,"37yr","14 Mar 1988","197cm","95kg","East Fremantle","Ruck","St Kilda Saints"
43,"Sharman, Cooper R",50,"24yr 8mth","25 Jul 2000","193cm","88kg","Woodville-West Torrens","Forward","St Kilda Saints"
35,"Sinclair, Jack",190,"30yr 1mth","12 Feb 1995","181cm","82kg","Oakleigh Chargers","Defender Midfield","St Kilda Saints"
9,"Steele, Jack",183,"29yr 3mth","13 Dec 1995","187cm","90kg","Belconnen","Midfield","St Kilda Saints"
7,"Wanganeen-Milera, Nasiah",66,"22yr 1mth","22 Feb 2003","187cm","76kg","Glenelg","Defender","St Kilda Saints"
29,"Webster, Jimmy",168,"31yr 9mth","28 Jun 1993","188cm","84kg","Glenorchy","Defender","St Kilda Saints"
44,"Wilkie, Callum",135,"29yr","10 Mar 1996","191cm","88kg","North Adelaide","Defender","St Kilda Saints"
2,"Windhager, Marcus",55,"21yr 10mth","16 May 2003","185cm","85kg","Sandringham Dragons","Midfield","St Kilda Saints"
32,"Wood, Mason",138,"31yr 6mth","13 Sep 1993","192cm","86kg","Geelong Falcons","Midfield Forward","St Kilda Saints"
36,"Amartey, Joel",56,"25yr 6mth","2 Sep 1999","195cm","100kg","Sandringham Dragons","Forward","Sydney Swans"
32,"Bell, James",28,"26yr 1mth","10 Feb 1999","183cm","84kg","Swans Academy","Forward","Sydney Swans"
22,"Blakey, Nick",131,"25yr 1mth","27 Feb 2000","196cm","83kg","UNSW","Defender","Sydney Swans"
16,"Campbell, Braeden",74,"23yr 1mth","4 Feb 2002","181cm","80kg","Sydney Academy","Midfield","Sydney Swans"
4,"Clarke, Ryan",97,"27yr 9mth","17 Jun 1997","186cm","83kg","Eastern Ranges","Forward","Sydney Swans"
7,"Cunningham, Harry",208,"31yr 3mth","6 Dec 1993","181cm","78kg","Turvey Park","Defender","Sydney Swans"
13,"Florent, Oliver",171,"26yr 8mth","22 Jul 1998","184cm","84kg","Sandringham Dragons","Defender","Sydney Swans"
42,"Fox, Robbie",105,"31yr 11mth","16 Apr 1993","185cm","84kg","Coburg","Defender Forward","Sydney Swans"
23,"Franklin, Lance",354,"38yr 2mth","30 Jan 1987","199cm","106kg","Perth","Forward","Sydney Swans"
17,"Gould, Will",4,"24yr 2mth","14 Jan 2001","191cm","97kg","Glenelg","Defender","Sydney Swans"
21,"Gulden, Errol",93,"22yr 8mth","18 Jul 2002","175cm","77kg","Sydney Academy","Midfield","Sydney Swans"
45,"Hall-Kahan, Hugo R",0,"21yr 6mth","22 Sep 2003","188cm","78kg","Sandringham Dragons","Forward","Sydney Swans"
9,"Hayward, Will",166,"26yr 5mth","26 Oct 1998","186cm","83kg","North Adelaide","Forward","Sydney Swans"
5,"Heeney, Isaac",204,"28yr 10mth","5 May 1996","185cm","88kg","Cardiff","Midfield","Sydney Swans"
31,"Hickey, Tom",151,"34yr","6 Mar 1991","202cm","97kg","Morningside","Ruck","Sydney Swans"
12,"Kennedy, Josh P.",290,"36yr 9mth","20 Jun 1988","188cm","96kg","Sandringham Dragons","Midfield","Sydney Swans"
19,"Ladhams, Peter",54,"27yr 2mth","14 Jan 1998","204cm","103kg","Norwood","Forward Ruck","Sydney Swans"
44,"Lloyd, Jake",252,"31yr 6mth","20 Sep 1993","182cm","81kg","North Ballarat Rebels","Defender Midfield","Sydney Swans"
42,"McAndrew, Lachlan R",2,"24yr 10mth","26 May 2000","209cm","101kg","Sydney","Ruck","Sydney Swans"
39,"McCartin, Patrick R",63,"28yr 11mth","19 Apr 1996","195cm","95kg","Geelong Falcons","Defender","Sydney Swans"
30,"McCartin, Tom",135,"25yr 3mth","30 Dec 1999","194cm","99kg","Geelong Falcons","Defender","Sydney Swans"
6,"McDonald, Logan",70,"22yr 11mth","4 Apr 2002","195cm","95kg","Perth Fc","Forward","Sydney Swans"
27,"McInerney, Justin",94,"24yr 7mth","18 Aug 2000","189cm","83kg","Northern Knights","Midfield","Sydney Swans"
2,"McLean, Hayden R",80,"26yr 2mth","20 Jan 1999","197cm","99kg","Sandringham","Forward","Sydney Swans"
43,"Melican, Lewis",86,"28yr 4mth","4 Nov 1996","194cm","99kg","Geelong Falcons","Defender","Sydney Swans"
14,"Mills, Callum",162,"27yr 11mth","2 Apr 1997","188cm","86kg","North Shore","Defender","Sydney Swans"
24,"Naismith, Sam",33,"32yr 8mth","16 Jul 1992","205cm","108kg","North Shore","Ruck","Sydney Swans"
35,"O'Connor, Barry R",0,"26yr 9mth","26 Jun 1998","193cm","93kg","Count Wexford","Defender","Sydney Swans"
38,"O'Riordan, Colin",34,"29yr 5mth","12 Oct 1995","186cm","87kg","County Tipperary","Defender","Sydney Swans"
11,"Papley, Tom",188,"28yr 8mth","13 Jul 1996","177cm","77kg","Gippsland Power","Forward","Sydney Swans"
26,"Parker, Luke",296,"32yr 5mth","25 Oct 1992","183cm","88kg","Dandenong Stingrays","Midfield Forward","Sydney Swans"
24,"Rampe, Dane",254,"34yr 9mth","2 Jun 1990","187cm","89kg","Williamstown","Defender","Sydney Swans"
41,"Rankin, Lachlan",0,"22yr 1mth","5 Feb 2003","184cm","73kg","Oakleigh Chargers","Defender","Sydney Swans"
20,"Reid, Sam",181,"33yr 3mth","27 Dec 1991","196cm","96kg","Murray Bushrangers","Forward","Sydney Swans"
34,"Roberts, Matthew",33,"21yr 8mth","31 Jul 2003","184cm","86kg","South Adelaide","Defender","Sydney Swans"
25,"Ronke, Ben",44,"27yr 3mth","18 Dec 1997","183cm","80kg","Calder Cannons","Forward","Sydney Swans"
8,"Rowbottom, James",120,"24yr 6mth","19 Sep 2000","186cm","82kg","Oakleigh Chargers","Midfield","Sydney Swans"
33,"Sheather, Marc R",3,"22yr 9mth","11 Jun 2002","185cm","87kg","Pennant Hills","Defender Forward","Sydney Swans"
12,"Sheldrick, Angus",11,"21yr 4mth","7 Nov 2003","178cm","86kg","Claremont","Midfield","Sydney Swans"
18,"Sinclair, Callum",118,"35yr 6mth","23 Sep 1989","199cm","98kg","Subiaco","Forward Ruck","Sydney Swans"
15,"Stephens, Dylan",61,"24yr 2mth","8 Jan 2001","184cm","80kg","Norwood","Midfield","Sydney Swans"
28,"Taylor, Lewis R",124,"30yr 1mth","17 Feb 1995","174cm","82kg","Geelong Falcons","Midfield Forward","Sydney Swans"
1,"Warner, Chad",88,"23yr 10mth","19 May 2001","185cm","82kg","East Fremantle","Midfield","Sydney Swans"
37,"Warner, Corey",12,"21yr 5mth","7 Oct 2003","182cm","77kg","East Fremantle","Forward","Sydney Swans"
15,"Wicks, Sam R",69,"25yr 6mth","14 Sep 1999","181cm","82kg","Swans Academy","Forward","Sydney Swans"
46,"Ainsworth, Brayden",15,"26yr 4mth","21 Nov 1998","184cm","80kg","Subiaco","Midfield Forward","West Coast Eagles"
12,"Allen, Oscar",96,"26yr","19 Mar 1999","196cm","96kg","West Perth","Forward","West Coast Eagles"
37,"Barrass, Tom",154,"29yr 5mth","8 Oct 1995","197cm","96kg","Claremont","Defender","West Coast Eagles"
33,"Bazzo, Rhett",21,"21yr 5mth","17 Oct 2003","195cm","86kg","Swan Districts","Defender","West Coast Eagles"
47,"Black, Aaron",1,"32yr 3mth","25 Dec 1992","180cm","81kg","West Perth","Midfield","West Coast Eagles"
18,"Chesser, Campbell",32,"21yr 11mth","27 Apr 2003","186cm","85kg","Sandringham Dragons","Midfield","West Coast Eagles"
39,"Clark, Greg",21,"27yr 10mth","24 May 1997","195cm","94kg","Subiaco","Midfield","West Coast Eagles"
28,"Cole, Tom",116,"27yr 10mth","28 May 1997","188cm","83kg","Sandhurst Football Netball Club","Defender","West Coast Eagles"
15,"Cripps, Jamie",254,"32yr 11mth","23 Apr 1992","184cm","83kg","East Fremantle","Forward","West Coast Eagles"
46,"Culley, Jai R",12,"22yr 1mth","24 Feb 2003","194cm","91kg","Dandenong Stingrays","Midfield Forward","West Coast Eagles"
28,"Darling, Jack",301,"32yr 9mth","13 Jun 1992","191cm","95kg","West Perth","Forward","West Coast Eagles"
49,"Dewar, Angus",26,"32yr 5mth","12 Oct 1992","192cm","88kg","Claremont","Defender","West Coast Eagles"
41,"Dixon, Hugh R",11,"26yr 1mth","26 Feb 1999","196cm","96kg","Tigers Football Club","Forward Ruck","West Coast Eagles"
14,"Duggan, Liam",182,"28yr 3mth","11 Dec 1996","186cm","83kg","Western Jets","Defender","West Coast Eagles"
42,"Edwards, Harry",42,"24yr 6mth","1 Oct 2000","200cm","98kg","Swan Districts","Defender","West Coast Eagles"
16,"Edwards, Luke",37,"23yr 2mth","12 Jan 2002","189cm","84kg","Glenelg","Midfield Forward","West Coast Eagles"
53,"Fisher, Samuel",0,"27yr 1mth","23 Feb 1998","181cm","78kg","Canberra Demons","Midfield","West Coast Eagles"
46,"Florenca, Jake",1,"27yr 10mth","15 May 1997","184cm","86kg","South Fremantle","Midfield","West Coast Eagles"
29,"Foley, Luke",32,"25yr 5mth","8 Oct 1999","189cm","81kg","Subiaco","Defender","West Coast Eagles"
3,"Gaff, Andrew",280,"32yr 9mth","16 Jun 1992","184cm","83kg","Oakleigh Chargers","Midfield","West Coast Eagles"
48,"Giro, Stefan R",15,"26yr","10 Mar 1999","175cm","77kg","Norwood","Midfield","West Coast Eagles"
19,"Hough, Brady",56,"22yr","5 Mar 2003","191cm","81kg","Peel Thunder","Defender","West Coast Eagles"
25,"Hurn, Shannon",333,"37yr 6mth","4 Sep 1987","187cm","95kg","Central District","Defender","West Coast Eagles"
40,"Jamieson, Callum",17,"24yr 8mth","31 Jul 2000","201cm","98kg","Claremont","Defender","West Coast Eagles"
31,"Jones, Jamaine",66,"26yr 6mth","29 Sep 1998","180cm","80kg","North Ballarat Rebels","Defender Forward","West Coast Eagles"
38,"Joyce, Tom",0,"25yr","7 Mar 2000","180cm","86kg","East Fremantle","Midfield","West Coast Eagles"
11,"Kelly, Tim",147,"30yr 8mth","26 Jul 1994","184cm","83kg","South Fremantle","Midfield","West Coast Eagles"
17,"Kennedy, Joshua",293,"37yr 7mth","25 Aug 1987","196cm","102kg","East Fremantle","Forward","West Coast Eagles"
7,"Langdon, Zac",56,"29yr 4mth","13 Nov 1995","177cm","81kg","Claremont","Forward","West Coast Eagles"
20,"McGovern, Jeremy",194,"32yr 11mth","15 Apr 1992","197cm","97kg","Claremont","Defender","West Coast Eagles"
57,"Meadows, Luke",0,"30yr 4mth","16 Nov 1994","185cm","86kg","West Perth","Midfield","West Coast Eagles"
47,"Mountford, Declan",14,"28yr 1mth","13 Feb 1997","181cm","76kg","Claremont","Defender Midfield","West Coast Eagles"
43,"Naish, Patrick",20,"26yr 2mth","15 Jan 1999","182cm","75kg","Northern Knights","Midfield Forward","West Coast Eagles"
9,"Naitanui, Nicholas",213,"34yr 10mth","4 May 1990","202cm","112kg","Swan Districts","Ruck","West Coast Eagles"
30,"Nelson, Jackson",102,"29yr","15 Mar 1996","187cm","85kg","Geelong Falcons","Defender Midfield","West Coast Eagles"
24,"O'Neill, Xavier",39,"24yr 7mth","3 Aug 2000","186cm","84kg","Oakleigh Chargers","Midfield Forward","West Coast Eagles"
10,"Petrevski-Seton, Sam",121,"27yr 1mth","19 Feb 1998","182cm","81kg","Claremont","Forward","West Coast Eagles"
21,"Petruccelle, Jack",89,"25yr 11mth","12 Apr 1999","188cm","83kg","Northern Knights","Forward","West Coast Eagles"
8,"Redden, Jack",263,"34yr 3mth","9 Dec 1990","190cm","85kg","Glenelg Football Club","Midfield","West Coast Eagles"
15,"Rioli, Willie",93,"29yr 9mth","4 Jun 1995","175cm","78kg","Glenelg","Forward","West Coast Eagles"
35,"Rotham, Josh",72,"27yr 1mth","25 Feb 1998","193cm","88kg","West Perth","Defender","West Coast Eagles"
1,"Ryan, Liam",107,"28yr 5mth","2 Oct 1996","181cm","76kg","Subiaco","Forward","West Coast Eagles"
48,"Schumacher, Angus",1,"26yr","16 Mar 1999","190cm","84kg","Bendigo Pioneers","Defender","West Coast Eagles"
4,"Sheed, Dominic",165,"29yr 11mth","10 Apr 1995","186cm","86kg","Subiaco","Midfield","West Coast Eagles"
13,"Shuey, Luke",248,"34yr 9mth","2 Jun 1990","184cm","89kg","Oakleigh Chargers","Midfield","West Coast Eagles"
34,"Strnadica, Luke R",2,"27yr 3mth","1 Jan 1998","200cm","100kg","East Fremantle","Ruck","West Coast Eagles"
26,"Trew, Zane R",13,"22yr 11mth","26 Apr 2002","187cm","82kg","Swan Districts","Midfield","West Coast Eagles"
2,"Waterman, Jake",105,"26yr 10mth","6 May 1998","192cm","92kg","Claremont","Forward","West Coast Eagles"
36,"West, Connor R",28,"25yr 10mth","7 May 1999","182cm","81kg","West Perth","Midfield Forward","West Coast Eagles"
32,"Williams, Bailey J.",74,"24yr 11mth","17 Apr 2000","201cm","101kg","Dandenong Stingrays","Ruck","West Coast Eagles"
34,"Williams, Jack",30,"21yr 4mth","1 Dec 2003","198cm","99kg","East Fremantle","Forward","West Coast Eagles"
22,"Winder, Isiah R",7,"22yr 10mth","16 May 2002","180cm","80kg","Peel Thunder","Forward","West Coast Eagles"
23,"Witherden, Alex",121,"26yr 6mth","10 Sep 1998","188cm","85kg","Geelong Falcons","Defender","West Coast Eagles"
6,"Yeo, Elliot",212,"31yr 6mth","1 Oct 1993","191cm","91kg","East Fremantle","Midfield","West Coast Eagles"
58,"Young, Logan",0,"23yr","14 Mar 2002","190cm","84kg","Claremont","Midfield","West Coast Eagles"
26,"Bedendo, Dominic",2,"22yr 8mth","9 Jul 2002","191cm","80kg","Murray Bushrangers","Midfield","Western Bulldogs"
4,"Bontempelli, Marcus",240,"29yr 4mth","24 Nov 1995","194cm","96kg","Northern Knights","Midfield","Western Bulldogs"
17,"Bruce, Josh",163,"32yr 9mth","8 Jun 1992","198cm","97kg","Canberra","Defender Forward","Western Bulldogs"
18,"Butler, Louis",4,"23yr 7mth","26 Aug 2001","185cm","79kg","Sandringham Dragons","Midfield","Western Bulldogs"
36,"Cleary, Luke",8,"23yr","5 Mar 2002","191cm","81kg","Sandringham Dragons","Defender","Western Bulldogs"
21,"Cordy, Zaine",141,"28yr 5mth","27 Oct 1996","195cm","92kg","Geelong Falcons","Defender","Western Bulldogs"
9,"Crozier, Hayden",142,"31yr 3mth","24 Dec 1993","187cm","81kg","Eastern Ranges","Defender","Western Bulldogs"
31,"Dale, Bailey",158,"28yr 8mth","22 Jul 1996","188cm","85kg","Dandenong Stingrays","Defender","Western Bulldogs"
5,"Daniel, Caleb",195,"28yr 8mth","7 Jul 1996","171cm","72kg","South Adelaide","Midfield Forward","Western Bulldogs"
10,"Darcy, Sam",31,"21yr 8mth","19 Jul 2003","208cm","97kg","Oakleigh Chargers","Forward","Western Bulldogs"
5,"Dunkley, Josh",170,"28yr 2mth","9 Jan 1997","191cm","87kg","Gippsland Power","Midfield","Western Bulldogs"
15,"Duryea, Taylor R",216,"33yr 11mth","24 Apr 1991","181cm","81kg","Murray Bushrangers","Defender","Western Bulldogs"
44,"English, Timothy",134,"27yr 7mth","10 Aug 1997","208cm","107kg","South Fremantle","Ruck","Western Bulldogs"
38,"Garcia, Riley",31,"24yr 2mth","30 Jan 2001","178cm","75kg","Swan Districts","Forward","Western Bulldogs"
43,"Gardner, Ryan",53,"27yr 10mth","1 Jun 1997","197cm","94kg","Burnie Dockers","Defender","Western Bulldogs"
29,"Hannan, Mitchell",80,"31yr","9 Mar 1994","190cm","88kg","Footscray","Defender","Western Bulldogs"
12,"Hunter, Lachlan",199,"30yr 3mth","13 Dec 1994","183cm","82kg","Western Jets","Midfield","Western Bulldogs"
39,"Johannisen, Jason",196,"32yr 4mth","8 Nov 1992","181cm","82kg","East Fremantle","Defender","Western Bulldogs"
32,"Jones, Arthur",16,"21yr 8mth","18 Jul 2003","180cm","71kg","Claremont","Forward","Western Bulldogs"
42,"Keath, Alex",109,"33yr 2mth","20 Jan 1992","198cm","93kg","Murray Bushrangers","Defender","Western Bulldogs"
24,"Khamis, Buku",29,"25yr","24 Mar 2000","191cm","87kg","Western Jets","Defender","Western Bulldogs"
21,"Liberatore, Thomas",237,"32yr 10mth","16 May 1992","184cm","85kg","Calder Cannons","Midfield","Western Bulldogs"
6,"Macrae, Jackson",252,"30yr 7mth","3 Aug 1994","192cm","89kg","Oakleigh Chargers","Forward","Western Bulldogs"
8,"Martin, Stefan",203,"38yr 4mth","17 Nov 1986","198cm","99kg","Sandringham","Ruck","Western Bulldogs"
27,"McComb, Robbie R",18,"29yr 3mth","19 Dec 1995","181cm","82kg","Footscray","Midfield Forward","Western Bulldogs"
16,"McLean, Toby",102,"29yr 2mth","31 Jan 1996","181cm","83kg","Oakleigh Chargers","Midfield Forward","Western Bulldogs"
30,"McNeil, Lachlan R",57,"23yr 6mth","2 Sep 2001","184cm","79kg","Woodville-West Torrens","Forward","Western Bulldogs"
33,"Naughton, Aaron",146,"25yr 4mth","30 Nov 1999","196cm","92kg","Peel Thunder","Forward","Western Bulldogs"
22,"O'Brien, Tim",115,"31yr","28 Mar 1994","193cm","92kg","Glenelg","Defender","Western Bulldogs"
25,"Parker, Charlie R",0,"27yr 5mth","13 Oct 1997","193cm","85kg","Sturt","Midfield Forward","Western Bulldogs"
40,"Raak, Cody R",0,"22yr 5mth","8 Oct 2002","193cm","83kg","Western Jets","Defender Forward","Western Bulldogs"
20,"Richards, Ed",128,"25yr 8mth","3 Jul 1999","188cm","89kg","Oakleigh Chargers","Midfield","Western Bulldogs"
19,"Schache, Josh",76,"27yr 7mth","21 Aug 1997","199cm","94kg","Murray Bushrangers","Forward","Western Bulldogs"
28,"Scott, Anthony",59,"30yr 1mth","28 Feb 1995","181cm","79kg","Footscray","Midfield Forward","Western Bulldogs"
3,"Smith, Bailey",105,"24yr 3mth","7 Dec 2000","185cm","86kg","Sandringham Dragons","Midfield Forward","Western Bulldogs"
37,"Smith, Roarke R",47,"28yr 6mth","11 Sep 1996","184cm","82kg","Calder Cannons","Midfield","Western Bulldogs"
24,"Sweet, Jordon R",31,"27yr 1mth","2 Feb 1998","206cm","106kg","North Adelaide","Ruck","Western Bulldogs"
1,"Treloar, Adam",254,"32yr","9 Mar 1993","185cm","84kg","Aspendale","Midfield","Western Bulldogs"
2,"Ugle-Hagan, Jamarra",67,"22yr 11mth","4 Apr 2002","197cm","91kg","Oakleigh Chargers","Forward","Western Bulldogs"
23,"Vandermeer, Laitham",71,"26yr 1mth","3 Feb 1999","182cm","78kg","Murray Bushrangers","Forward","Western Bulldogs"
3,"Wallis, Mitchell",162,"32yr 5mth","24 Oct 1992","186cm","86kg","Calder Cannons","Forward","Western Bulldogs"
3,"Weightman, Cody",76,"24yr 2mth","15 Jan 2001","179cm","75kg","Dandenong Stingrays","Forward","Western Bulldogs"
14,"West, Rhylee",61,"24yr 8mth","12 Jul 2000","183cm","82kg","Calder Cannons","Forward","Western Bulldogs"
34,"Williams, Bailey",154,"27yr 5mth","10 Oct 1997","190cm","88kg","Glenelg","Midfield","Western Bulldogs"
