gameid,year,round,date,hometeam,awayteam,hometeamscoreft,awayteamscoreft,venue,attendance,maxtemp,mintemp,rainfall
2018R0101,2018,R1,2018-03-22,Richmond,Carlton,17.19,15.5,M.C.G.,90151.0,28.7,10.5,0.0
2018R0102,2018,R1,2018-03-23,Essendon,Adelaide,14.15,12.15,Docklands,43016.0,29.7,15.6,0.0
2018R0103,2018,R1,2018-03-24,St Kilda,Brisbane Lions,16.11,12.1,Docklands,23731.0,24.5,20.1,0.6
2018R0104,2018,R1,2018-03-24,Port Adelaide,Fremantle,16.14,9.6,Adelaide Oval,38324.0,31.6,20.5,0.0
2018R0105,2018,R1,2018-03-24,Gold Coast,North Melbourne,7.13,5.9,Cazaly's Stadium,3722.0,27.6,24.4,8.2
2018R0106,2018,R1,2018-03-24,Hawthorn,Collingwood,15.11,9.13,M.C.G.,58051.0,24.5,20.1,0.6
2018R0107,2018,R1,2018-03-25,Greater Western Sydney,Western Bulldogs,20.13,7.9,Manuka Oval,10454.0,25.0,11.2,0.0
2018R0108,2018,R1,2018-03-25,Melbourne,Geelong,13.16,14.13,M.C.G.,54112.0,26.6,17.2,15.0
2018R0109,2018,R1,2018-03-25,West Coast,Sydney,13.8,18.7,Perth Stadium,53553.0,25.8,18.8,0.0
2018R0201,2018,R2,2018-03-29,Adelaide,Richmond,18.1,12.1,Adelaide Oval,49743.0,22.0,14.2,0.0
2018R0202,2018,R2,2018-03-30,North Melbourne,St Kilda,13.17,5.13,Docklands,33966.0,24.5,11.5,0.0
2018R0203,2018,R2,2018-03-31,Carlton,Gold Coast,9.13,15.11,Docklands,28025.0,23.6,11.8,0.0
2018R0204,2018,R2,2018-03-31,Collingwood,Greater Western Sydney,12.7,15.5,M.C.G.,30941.0,23.6,11.8,0.0
2018R0205,2018,R2,2018-03-31,Brisbane Lions,Melbourne,10.14,14.16,Gabba,17141.0,29.3,20.7,0.4
2018R0206,2018,R2,2018-03-31,Fremantle,Essendon,16.1,14.6,Perth Stadium,49021.0,26.5,17.0,0.0
2018R0207,2018,R2,2018-04-01,Western Bulldogs,West Coast,9.16,18.13,Docklands,22868.0,28.6,11.6,0.0
2018R0208,2018,R2,2018-04-01,Sydney,Port Adelaide,10.11,14.1,S.C.G.,34636.0,30.6,19.1,0.0
2018R0209,2018,R2,2018-04-02,Geelong,Hawthorn,18.9,17.16,M.C.G.,73189.0,21.1,14.1,0.0
2018R0301,2018,R3,2018-04-06,Carlton,Collingwood,11.1,16.4,M.C.G.,68548.0,21.4,13.2,0.0
2018R0302,2018,R3,2018-04-07,Port Adelaide,Brisbane Lions,14.13,14.8,Adelaide Oval,36363.0,29.5,10.7,0.0
2018R0303,2018,R3,2018-04-07,Melbourne,North Melbourne,18.15,13.8,M.C.G.,35518.0,22.4,7.5,0.0
2018R0304,2018,R3,2018-04-07,Gold Coast,Fremantle,10.8,13.18,Perth Stadium,33388.0,24.7,16.4,0.0
2018R0305,2018,R3,2018-04-07,St Kilda,Adelaide,7.13,15.14,Docklands,19324.0,22.4,7.5,0.0
2018R0306,2018,R3,2018-04-07,Sydney,Greater Western Sydney,16.7,12.15,S.C.G.,34711.0,29.2,19.5,0.0
2018R0307,2018,R3,2018-04-08,Richmond,Hawthorn,15.12,13.11,M.C.G.,70701.0,30.9,9.5,0.0
2018R0308,2018,R3,2018-04-08,Western Bulldogs,Essendon,14.2,12.11,Docklands,40499.0,30.9,9.5,0.0
2018R0309,2018,R3,2018-04-08,West Coast,Geelong,14.11,11.14,Perth Stadium,54535.0,25.4,13.2,0.0
2018R0401,2018,R4,2018-04-13,Adelaide,Collingwood,9.4,16.1,Adelaide Oval,45495.0,23.2,14.4,0.0
2018R0402,2018,R4,2018-04-14,Greater Western Sydney,Fremantle,11.16,7.9,Manuka Oval,11356.0,20.2,13.9,12.0
2018R0403,2018,R4,2018-04-14,Richmond,Brisbane Lions,16.14,2.5,M.C.G.,32870.0,15.9,12.7,1.4
2018R0404,2018,R4,2018-04-14,Western Bulldogs,Sydney,11.13,13.8,Docklands,28058.0,15.9,12.7,1.4
2018R0405,2018,R4,2018-04-14,North Melbourne,Carlton,18.8,4.6,Bellerive Oval,14266.0,17.3,11.8,0.6
2018R0406,2018,R4,2018-04-14,West Coast,Gold Coast,21.13,9.5,Perth Stadium,51774.0,22.7,9.4,0.0
2018R0407,2018,R4,2018-04-15,Essendon,Port Adelaide,16.1,12.12,Docklands,30900.0,19.9,8.9,15.0
2018R0408,2018,R4,2018-04-15,Hawthorn,Melbourne,18.7,6.12,M.C.G.,41973.0,19.9,8.9,15.0
2018R0409,2018,R4,2018-04-15,Geelong,St Kilda,15.13,7.14,Kardinia Park,27338.0,17.3,10.2,7.2
2018R0501,2018,R5,2018-04-20,Sydney,Adelaide,10.15,12.13,S.C.G.,38017.0,23.2,16.6,0.0
2018R0502,2018,R5,2018-04-21,St Kilda,Greater Western Sydney,10.13,9.19,Docklands,14956.0,24.6,10.8,0.0
2018R0503,2018,R5,2018-04-21,Carlton,West Coast,10.9,10.19,M.C.G.,27900.0,24.6,10.8,0.0
2018R0504,2018,R5,2018-04-21,Port Adelaide,Geelong,7.8,12.12,Adelaide Oval,45372.0,29.8,17.3,1.4
2018R0505,2018,R5,2018-04-21,Fremantle,Western Bulldogs,16.12,8.6,Perth Stadium,43056.0,28.0,11.9,0.0
2018R0506,2018,R5,2018-04-22,North Melbourne,Hawthorn,14.14,11.4,Docklands,27981.0,22.6,9.1,0.0
2018R0507,2018,R5,2018-04-22,Brisbane Lions,Gold Coast,10.11,11.1,Gabba,16087.0,25.8,17.2,0.2
2018R0508,2018,R5,2018-04-24,Melbourne,Richmond,8.8,15.12,M.C.G.,77071.0,24.4,12.2,0.0
2018R0509,2018,R5,2018-04-25,Collingwood,Essendon,14.17,7.1,M.C.G.,91440.0,20.5,15.5,0.0
2018R0601,2018,R6,2018-04-27,Western Bulldogs,Carlton,11.14,8.11,Docklands,33915.0,17.9,9.0,0.0
2018R0602,2018,R6,2018-04-28,Geelong,Sydney,10.9,12.14,Kardinia Park,31036.0,21.0,5.8,0.0
2018R0603,2018,R6,2018-04-28,North Melbourne,Port Adelaide,10.9,15.12,Docklands,17617.0,18.6,7.2,0.0
2018R0604,2018,R6,2018-04-28,Greater Western Sydney,Brisbane Lions,10.17,5.13,Sydney Showground,10046.0,20.5,13.9,6.0
2018R0605,2018,R6,2018-04-28,Hawthorn,St Kilda,13.11,7.12,York Park,15741.0,17.7,3.8,0.0
2018R0606,2018,R6,2018-04-28,Adelaide,Gold Coast,16.14,9.8,Adelaide Oval,44835.0,21.8,8.7,0.0
2018R0607,2018,R6,2018-04-29,Essendon,Melbourne,10.12,16.12,Docklands,35964.0,18.6,9.6,0.0
2018R0608,2018,R6,2018-04-29,Collingwood,Richmond,10.1,16.17,M.C.G.,72157.0,18.6,9.6,0.0
2018R0609,2018,R6,2018-04-29,Fremantle,West Coast,12.9,13.11,Perth Stadium,56521.0,31.0,17.0,0.0
2018R0701,2018,R7,2018-05-04,Geelong,Greater Western Sydney,14.9,4.8,Kardinia Park,25079.0,17.4,11.0,0.4
2018R0702,2018,R7,2018-05-05,Western Bulldogs,Gold Coast,11.15,10.12,Eureka Stadium,6833.0,17.5,6.4,3.0
2018R0703,2018,R7,2018-05-05,Essendon,Hawthorn,10.7,13.12,M.C.G.,53018.0,21.2,10.6,2.2
2018R0704,2018,R7,2018-05-05,West Coast,Port Adelaide,16.6,9.6,Perth Stadium,50516.0,28.8,6.7,0.0
2018R0705,2018,R7,2018-05-05,Sydney,North Melbourne,9.12,9.14,S.C.G.,29124.0,22.4,11.6,0.0
2018R0706,2018,R7,2018-05-05,Adelaide,Carlton,19.11,10.1,Adelaide Oval,47422.0,20.0,11.2,0.2
2018R0707,2018,R7,2018-05-06,Richmond,Fremantle,15.2,4.9,M.C.G.,43240.0,21.5,8.8,0.0
2018R0708,2018,R7,2018-05-06,St Kilda,Melbourne,9.13,16.1,Docklands,25496.0,21.5,8.8,0.0
2018R0709,2018,R7,2018-05-06,Brisbane Lions,Collingwood,18.6,19.7,Gabba,21850.0,25.8,15.7,0.0
2018R0801,2018,R8,2018-05-11,Hawthorn,Sydney,10.11,12.7,M.C.G.,32784.0,14.1,6.5,19.6
2018R0802,2018,R8,2018-05-12,Greater Western Sydney,West Coast,8.13,12.14,Sydney Showground,9253.0,17.5,10.3,2.0
2018R0803,2018,R8,2018-05-12,Carlton,Essendon,14.7,10.18,M.C.G.,44669.0,16.5,10.5,8.4
2018R0804,2018,R8,2018-05-12,Gold Coast,Melbourne,11.11,21.2,Gabba,6060.0,22.3,12.3,0.0
2018R0805,2018,R8,2018-05-12,Port Adelaide,Adelaide,14.11,14.6,Adelaide Oval,50967.0,18.1,11.0,0.0
2018R0806,2018,R8,2018-05-12,Western Bulldogs,Brisbane Lions,16.11,14.9,Docklands,20865.0,16.5,10.5,8.4
2018R0807,2018,R8,2018-05-12,Fremantle,St Kilda,13.11,8.11,Perth Stadium,41752.0,32.7,15.2,0.0
2018R0808,2018,R8,2018-05-13,North Melbourne,Richmond,11.6,12.1,Docklands,29153.0,16.3,11.2,3.7
2018R0809,2018,R8,2018-05-13,Collingwood,Geelong,5.15,9.12,M.C.G.,44602.0,16.3,11.2,3.7
2018R0901,2018,R9,2018-05-18,Adelaide,Western Bulldogs,9.9,2.14,Adelaide Oval,39407.0,18.1,13.6,4.6
2018R0902,2018,R9,2018-05-19,North Melbourne,Greater Western Sydney,17.1,9.15,Bellerive Oval,7194.0,15.5,6.4,0.0
2018R0903,2018,R9,2018-05-19,Gold Coast,Port Adelaide,6.6,11.16,Jiangwan Stadium,10689.0,19.16,9.79,2.26
2018R0904,2018,R9,2018-05-19,Essendon,Geelong,12.12,7.8,M.C.G.,50228.0,15.5,8.4,3.6
2018R0905,2018,R9,2018-05-19,St Kilda,Collingwood,10.12,15.1,Docklands,33994.0,15.5,8.4,3.6
2018R0906,2018,R9,2018-05-19,Sydney,Fremantle,17.9,7.1,S.C.G.,27481.0,19.8,10.8,0.0
2018R0907,2018,R9,2018-05-20,Carlton,Melbourne,7.8,25.9,M.C.G.,44142.0,15.8,9.9,0.2
2018R0908,2018,R9,2018-05-20,Brisbane Lions,Hawthorn,20.9,11.7,Gabba,20628.0,25.3,11.6,0.0
2018R0909,2018,R9,2018-05-20,West Coast,Richmond,20.1,12.11,Perth Stadium,57616.0,24.6,5.1,0.0
2018R1001,2018,R10,2018-05-25,Collingwood,Western Bulldogs,13.12,8.7,Docklands,37985.0,16.3,9.2,0.0
2018R1002,2018,R10,2018-05-26,Richmond,St Kilda,15.15,12.5,M.C.G.,48850.0,19.8,3.0,0.0
2018R1003,2018,R10,2018-05-26,Brisbane Lions,Sydney,6.13,10.7,Gabba,18702.0,23.8,15.1,0.0
2018R1004,2018,R10,2018-05-26,Geelong,Carlton,11.7,5.15,Kardinia Park,31090.0,16.7,2.4,0.0
2018R1005,2018,R10,2018-05-26,Greater Western Sydney,Essendon,8.12,14.11,Sydney Showground,10789.0,21.2,7.6,0.0
2018R1006,2018,R10,2018-05-27,Hawthorn,West Coast,9.6,11.9,Docklands,28077.0,20.2,7.6,0.0
2018R1007,2018,R10,2018-05-27,Melbourne,Adelaide,23.8,8.7,Traeger Park,6989.0,29.7,9.0,0.0
2018R1008,2018,R10,2018-05-27,Fremantle,North Melbourne,8.1,12.14,Perth Stadium,37575.0,21.3,14.8,4.2
2018R1101,2018,R11,2018-06-01,Sydney,Carlton,13.13,9.7,S.C.G.,27351.0,15.9,12.3,0.1
2018R1102,2018,R11,2018-06-02,Western Bulldogs,Melbourne,7.9,15.1,Docklands,28485.0,13.9,1.6,0.0
2018R1103,2018,R11,2018-06-02,Hawthorn,Port Adelaide,9.1,9.7,York Park,13007.0,15.1,1.6,0.0
2018R1104,2018,R11,2018-06-02,Gold Coast,Geelong,4.12,17.19,Carrara,17490.0,22.9,10.0,0.0
2018R1105,2018,R11,2018-06-02,Essendon,Richmond,6.7,17.12,M.C.G.,81046.0,13.9,1.6,0.0
2018R1106,2018,R11,2018-06-02,West Coast,St Kilda,16.5,14.4,Perth Stadium,54188.0,19.6,5.3,0.0
2018R1107,2018,R11,2018-06-03,North Melbourne,Brisbane Lions,21.15,12.15,Docklands,22133.0,13.6,4.2,0.0
2018R1108,2018,R11,2018-06-03,Collingwood,Fremantle,21.12,12.5,M.C.G.,34542.0,13.6,4.2,0.0
2018R1109,2018,R11,2018-06-03,Adelaide,Greater Western Sydney,11.15,14.13,Adelaide Oval,44120.0,17.2,4.2,0.0
2018R1201,2018,R12,2018-06-08,Port Adelaide,Richmond,10.12,8.1,Adelaide Oval,39936.0,15.2,12.5,3.0
2018R1202,2018,R12,2018-06-09,Geelong,North Melbourne,14.12,8.11,Kardinia Park,31265.0,16.4,6.1,0.0
2018R1203,2018,R12,2018-06-09,Greater Western Sydney,Gold Coast,20.14,4.2,Sydney Showground,7131.0,16.6,10.9,9.0
2018R1204,2018,R12,2018-06-09,St Kilda,Sydney,7.13,19.12,Docklands,27569.0,15.8,10.1,4.0
2018R1205,2018,R12,2018-06-10,Brisbane Lions,Essendon,8.14,12.12,Gabba,20476.0,23.6,15.6,0.8
2018R1206,2018,R12,2018-06-10,Fremantle,Adelaide,10.11,9.14,Perth Stadium,33421.0,19.8,13.5,21.8
2018R1207,2018,R12,2018-06-11,Melbourne,Collingwood,14.7,20.13,M.C.G.,83518.0,16.6,2.7,0.0
2018R1301,2018,R13,2018-06-14,Port Adelaide,Western Bulldogs,20.12,11.9,Adelaide Oval,26137.0,16.2,11.4,2.4
2018R1302,2018,R13,2018-06-15,Sydney,West Coast,10.12,7.15,S.C.G.,36402.0,21.2,10.7,0.0
2018R1303,2018,R13,2018-06-16,Carlton,Fremantle,6.1,15.13,Docklands,21430.0,12.5,5.8,2.2
2018R1304,2018,R13,2018-06-16,Gold Coast,St Kilda,11.12,11.14,Carrara,10181.0,22.5,7.9,0.0
2018R1305,2018,R13,2018-06-16,Hawthorn,Adelaide,12.16,4.8,M.C.G.,26693.0,12.5,5.8,2.2
2018R1306,2018,R13,2018-06-17,Geelong,Richmond,9.11,12.11,M.C.G.,46423.0,12.2,7.1,18.8
2018R1401,2018,R14,2018-06-21,West Coast,Essendon,6.16,12.8,Perth Stadium,51409.0,20.1,9.7,0.0
2018R1402,2018,R14,2018-06-22,Port Adelaide,Melbourne,11.9,9.11,Adelaide Oval,40751.0,15.7,2.8,0.0
2018R1403,2018,R14,2018-06-23,Hawthorn,Gold Coast,13.18,5.13,York Park,9007.0,14.3,0.9,0.2
2018R1404,2018,R14,2018-06-23,Brisbane Lions,Greater Western Sydney,12.1,16.13,Gabba,11267.0,23.1,9.1,0.0
2018R1405,2018,R14,2018-06-23,Western Bulldogs,North Melbourne,11.9,12.5,Docklands,26301.0,12.9,5.6,0.0
2018R1406,2018,R14,2018-06-24,Collingwood,Carlton,11.13,9.5,M.C.G.,53706.0,12.8,6.7,0.0
2018R1501,2018,R15,2018-06-28,Richmond,Sydney,14.9,11.1,Docklands,43519.0,9.8,3.2,0.0
2018R1502,2018,R15,2018-06-29,Western Bulldogs,Geelong,16.7,15.11,Docklands,29499.0,12.0,5.1,0.0
2018R1503,2018,R15,2018-06-30,Carlton,Port Adelaide,10.9,13.12,M.C.G.,26562.0,14.8,8.7,1.2
2018R1504,2018,R15,2018-06-30,Adelaide,West Coast,12.16,12.6,Adelaide Oval,44771.0,14.5,10.1,4.0
2018R1505,2018,R15,2018-06-30,Gold Coast,Collingwood,8.12,14.15,Carrara,13637.0,23.3,13.2,0.2
2018R1506,2018,R15,2018-06-30,Greater Western Sydney,Hawthorn,13.17,13.6,Sydney Showground,10866.0,19.5,3.3,0.0
2018R1507,2018,R15,2018-07-01,Melbourne,St Kilda,18.9,18.11,M.C.G.,38910.0,14.9,2.6,0.6
2018R1508,2018,R15,2018-07-01,Essendon,North Melbourne,19.11,16.12,Docklands,45580.0,14.9,2.6,0.6
2018R1509,2018,R15,2018-07-01,Fremantle,Brisbane Lions,9.1,18.11,Perth Stadium,41674.0,22.0,6.3,0.0
2018R1601,2018,R16,2018-07-05,Sydney,Geelong,9.5,8.23,S.C.G.,34363.0,25.9,9.7,0.0
2018R1602,2018,R16,2018-07-06,Richmond,Adelaide,15.13,8.8,M.C.G.,54934.0,14.5,11.1,0.0
2018R1603,2018,R16,2018-07-07,Brisbane Lions,Carlton,18.12,7.13,Gabba,21074.0,24.9,18.2,2.6
2018R1604,2018,R16,2018-07-07,Port Adelaide,St Kilda,12.14,7.8,Adelaide Oval,36253.0,14.3,8.9,9.0
2018R1605,2018,R16,2018-07-07,Western Bulldogs,Hawthorn,9.5,19.8,Docklands,35320.0,12.4,8.1,0.0
2018R1606,2018,R16,2018-07-07,Melbourne,Fremantle,13.24,7.6,Marrara Oval,8689.0,32.1,20.8,0.0
2018R1607,2018,R16,2018-07-08,North Melbourne,Gold Coast,14.11,8.1,Docklands,14389.0,14.2,8.3,0.0
2018R1608,2018,R16,2018-07-08,Essendon,Collingwood,9.8,12.6,M.C.G.,69868.0,14.2,8.3,0.0
2018R1609,2018,R16,2018-07-08,West Coast,Greater Western Sydney,13.8,10.15,Perth Stadium,52105.0,19.7,5.7,0.0
2018R1701,2018,R17,2018-07-12,Adelaide,Geelong,16.16,14.13,Adelaide Oval,46095.0,14.3,7.4,1.8
2018R1702,2018,R17,2018-07-13,St Kilda,Carlton,16.2,7.1,Docklands,33780.0,13.7,4.4,0.0
2018R1703,2018,R17,2018-07-14,Hawthorn,Brisbane Lions,9.11,15.8,York Park,12557.0,12.8,-1.8,0.0
2018R1704,2018,R17,2018-07-14,Melbourne,Western Bulldogs,18.11,10.9,M.C.G.,31053.0,14.6,1.9,0.0
2018R1705,2018,R17,2018-07-14,Gold Coast,Essendon,6.15,13.17,Carrara,13061.0,20.7,7.8,0.0
2018R1706,2018,R17,2018-07-14,Greater Western Sydney,Richmond,11.13,10.17,Sydney Showground,14456.0,17.3,3.1,0.0
2018R1707,2018,R17,2018-07-15,Collingwood,West Coast,9.13,15.12,M.C.G.,53439.0,12.8,5.4,0.0
2018R1708,2018,R17,2018-07-15,North Melbourne,Sydney,15.8,16.8,Docklands,25633.0,12.8,5.4,0.0
2018R1709,2018,R17,2018-07-15,Fremantle,Port Adelaide,8.11,7.8,Perth Stadium,33190.0,17.8,8.8,23.4
2018R1801,2018,R18,2018-07-20,St Kilda,Richmond,8.9,16.15,Docklands,36269.0,12.3,6.3,5.4
2018R1802,2018,R18,2018-07-21,Collingwood,North Melbourne,20.1,9.1,M.C.G.,50393.0,13.1,5.2,0.8
2018R1803,2018,R18,2018-07-21,Sydney,Gold Coast,8.16,12.16,S.C.G.,32565.0,17.5,9.0,0.0
2018R1804,2018,R18,2018-07-21,Essendon,Fremantle,13.21,11.4,Docklands,31564.0,13.1,5.2,0.8
2018R1805,2018,R18,2018-07-21,Brisbane Lions,Adelaide,13.1,13.15,Gabba,20475.0,20.2,9.8,0.0
2018R1806,2018,R18,2018-07-21,Geelong,Melbourne,16.4,14.14,Kardinia Park,30125.0,13.9,4.7,2.6
2018R1807,2018,R18,2018-07-22,Carlton,Hawthorn,7.1,18.16,Docklands,30405.0,13.9,7.1,0.0
2018R1808,2018,R18,2018-07-22,West Coast,Western Bulldogs,14.16,6.1,Perth Stadium,46854.0,18.8,14.0,20.2
2018R1809,2018,R18,2018-07-22,Port Adelaide,Greater Western Sydney,8.1,11.14,Adelaide Oval,34693.0,17.9,9.5,0.0
2018R1901,2018,R19,2018-07-27,Essendon,Sydney,15.19,10.6,Docklands,42251.0,18.5,8.4,0.0
2018R1902,2018,R19,2018-07-28,Richmond,Collingwood,16.9,12.5,M.C.G.,88180.0,17.5,8.6,0.8
2018R1903,2018,R19,2018-07-28,Geelong,Brisbane Lions,18.12,11.12,Kardinia Park,28226.0,18.3,4.8,0.0
2018R1904,2018,R19,2018-07-28,Greater Western Sydney,St Kilda,13.8,8.13,Sydney Showground,12014.0,22.1,4.2,0.0
2018R1905,2018,R19,2018-07-28,Gold Coast,Carlton,5.14,12.7,Carrara,10776.0,25.1,14.8,0.0
2018R1906,2018,R19,2018-07-28,Adelaide,Melbourne,10.17,13.12,Adelaide Oval,45880.0,15.5,6.4,0.0
2018R1907,2018,R19,2018-07-29,North Melbourne,West Coast,12.9,6.5,Bellerive Oval,11176.0,10.9,4.8,3.2
2018R1908,2018,R19,2018-07-29,Western Bulldogs,Port Adelaide,5.4,11.12,Eureka Stadium,6450.0,9.2,5.9,10.4
2018R1909,2018,R19,2018-07-29,Fremantle,Hawthorn,7.11,17.1,Perth Stadium,41845.0,19.8,11.4,0.0
2018R2001,2018,R20,2018-08-03,Richmond,Geelong,12.13,12.1,M.C.G.,67054.0,18.1,8.5,0.0
2018R2002,2018,R20,2018-08-04,Hawthorn,Essendon,16.11,16.7,M.C.G.,68857.0,14.7,6.9,2.2
2018R2003,2018,R20,2018-08-04,Brisbane Lions,North Melbourne,16.8,16.11,Gabba,18395.0,27.1,11.7,0.0
2018R2004,2018,R20,2018-08-04,Adelaide,Port Adelaide,13.18,14.9,Adelaide Oval,50377.0,17.9,9.9,1.8
2018R2005,2018,R20,2018-08-04,Sydney,Collingwood,11.7,10.11,S.C.G.,39238.0,20.7,11.3,0.0
2018R2006,2018,R20,2018-08-04,St Kilda,Western Bulldogs,9.14,15.13,Docklands,20748.0,14.7,6.9,2.2
2018R2007,2018,R20,2018-08-05,Carlton,Greater Western Sydney,7.4,23.13,Docklands,16697.0,16.7,9.4,0.2
2018R2008,2018,R20,2018-08-05,Melbourne,Gold Coast,21.17,7.5,M.C.G.,23072.0,16.7,9.4,0.2
2018R2009,2018,R20,2018-08-05,West Coast,Fremantle,21.16,13.6,Perth Stadium,57375.0,14.5,7.5,12.2
2018R2101,2018,R21,2018-08-10,Essendon,St Kilda,18.14,11.13,Docklands,37483.0,19.4,8.5,0.0
2018R2102,2018,R21,2018-08-11,Hawthorn,Geelong,10.11,8.12,M.C.G.,59529.0,14.1,7.8,10.2
2018R2103,2018,R21,2018-08-11,Gold Coast,Richmond,7.9,19.11,Carrara,18102.0,23.6,12.2,0.0
2018R2104,2018,R21,2018-08-11,Port Adelaide,West Coast,9.4,9.8,Adelaide Oval,32534.0,12.4,8.1,9.4
2018R2105,2018,R21,2018-08-11,Greater Western Sydney,Adelaide,15.16,13.14,Manuka Oval,13249.0,16.4,0.4,0.0
2018R2106,2018,R21,2018-08-11,Collingwood,Brisbane Lions,14.2,11.7,Docklands,33390.0,14.1,7.8,10.2
2018R2107,2018,R21,2018-08-12,North Melbourne,Western Bulldogs,12.13,13.14,Docklands,27031.0,14.8,4.0,6.8
2018R2108,2018,R21,2018-08-12,Melbourne,Sydney,10.18,13.9,M.C.G.,51424.0,14.8,4.0,6.8
2018R2109,2018,R21,2018-08-12,Fremantle,Carlton,15.11,10.12,Perth Stadium,40028.0,21.4,3.5,0.0
2018R2201,2018,R22,2018-08-17,Richmond,Essendon,12.9,11.7,M.C.G.,76424.0,16.1,6.0,1.0
2018R2202,2018,R22,2018-08-18,Collingwood,Port Adelaide,17.13,10.4,M.C.G.,46286.0,14.0,7.8,0.4
2018R2203,2018,R22,2018-08-18,Geelong,Fremantle,24.14,3.7,Kardinia Park,24507.0,12.8,7.5,1.4
2018R2204,2018,R22,2018-08-18,Greater Western Sydney,Sydney,8.12,11.14,Sydney Showground,21433.0,22.6,4.0,0.0
2018R2205,2018,R22,2018-08-18,St Kilda,Hawthorn,11.1,12.8,Docklands,24795.0,14.0,7.8,0.4
2018R2206,2018,R22,2018-08-18,Gold Coast,Brisbane Lions,11.8,10.18,Carrara,11907.0,24.6,9.4,0.0
2018R2207,2018,R22,2018-08-19,Carlton,Western Bulldogs,7.7,10.6,Docklands,24143.0,12.4,5.7,10.8
2018R2208,2018,R22,2018-08-19,West Coast,Melbourne,14.7,16.12,Perth Stadium,55824.0,24.3,7.3,0.0
2018R2209,2018,R22,2018-08-19,Adelaide,North Melbourne,12.14,11.11,Adelaide Oval,41444.0,13.9,9.8,0.8
2018R2301,2018,R23,2018-08-24,Port Adelaide,Essendon,13.11,17.9,Adelaide Oval,39168.0,21.0,13.0,0.0
2018R2302,2018,R23,2018-08-25,Geelong,Gold Coast,22.1,5.1,Kardinia Park,28004.0,16.0,2.3,0.0
2018R2303,2018,R23,2018-08-25,Richmond,Western Bulldogs,15.8,14.11,M.C.G.,56998.0,17.1,1.3,0.0
2018R2304,2018,R23,2018-08-25,Fremantle,Collingwood,9.13,11.1,Perth Stadium,41320.0,21.0,4.7,0.0
2018R2305,2018,R23,2018-08-25,Carlton,Adelaide,8.13,26.9,Docklands,17000.0,17.1,1.3,0.0
2018R2306,2018,R23,2018-08-25,Sydney,Hawthorn,10.14,12.11,S.C.G.,39660.0,20.0,10.7,1.2
2018R2307,2018,R23,2018-08-26,Brisbane Lions,West Coast,11.6,14.14,Gabba,16367.0,20.2,14.0,11.2
2018R2308,2018,R23,2018-08-26,Melbourne,Greater Western Sydney,15.12,8.9,M.C.G.,37285.0,14.9,3.2,0.0
2018R2309,2018,R23,2018-08-26,St Kilda,North Melbourne,14.1,17.15,Docklands,19866.0,14.9,3.2,0.0
2018QF01,2018,QF,2018-09-06,Richmond,Hawthorn,13.17,9.1,M.C.G.,91446.0,20.1,11.7,0.2
2018EF01,2018,EF,2018-09-07,Melbourne,Geelong,10.15,6.1,M.C.G.,91767.0,14.5,7.0,3.6
2018EF02,2018,EF,2018-09-08,Sydney,Greater Western Sydney,4.6,10.19,S.C.G.,40350.0,15.5,12.2,20.0
2018QF02,2018,QF,2018-09-08,West Coast,Collingwood,12.14,10.1,Perth Stadium,59585.0,20.1,10.7,2.6
2018SF01,2018,SF,2018-09-14,Hawthorn,Melbourne,10.11,16.8,M.C.G.,90152.0,22.9,9.0,0.0
2018SF02,2018,SF,2018-09-15,Collingwood,Greater Western Sydney,9.15,9.5,M.C.G.,72504.0,14.4,10.6,0.6
2018PF01,2018,PF,2018-09-21,Richmond,Collingwood,8.1,15.7,M.C.G.,94959.0,19.3,6.6,0.0
2018PF02,2018,PF,2018-09-22,West Coast,Melbourne,18.13,7.13,Perth Stadium,59608.0,28.0,8.2,0.0
2018GF01,2018,GF,2018-09-29,West Coast,Collingwood,11.13,11.8,M.C.G.,100022.0,14.0,4.0,1.7
2019R0101,2019,R1,2019-03-21,Carlton,Richmond,9.1,14.13,M.C.G.,85016.0,25.9,18.3,0.0
2019R0102,2019,R1,2019-03-22,Collingwood,Geelong,9.11,10.12,M.C.G.,78017.0,30.0,18.0,0.0
2019R0103,2019,R1,2019-03-23,Melbourne,Port Adelaide,9.7,12.15,M.C.G.,38866.0,31.4,18.9,5.0
2019R0104,2019,R1,2019-03-23,Adelaide,Hawthorn,7.13,12.15,Adelaide Oval,50180.0,23.7,18.7,0.0
2019R0105,2019,R1,2019-03-23,Western Bulldogs,Sydney,11.16,9.11,Docklands,32303.0,31.4,18.9,5.0
2019R0106,2019,R1,2019-03-23,Brisbane Lions,West Coast,15.12,8.1,Gabba,20029.0,34.3,23.5,0.0
2019R0107,2019,R1,2019-03-24,St Kilda,Gold Coast,13.7,13.6,Docklands,20291.0,30.3,15.2,1.2
2019R0108,2019,R1,2019-03-24,Greater Western Sydney,Essendon,16.16,5.1,Sydney Showground,15424.0,31.7,19.0,0.6
2019R0109,2019,R1,2019-03-24,Fremantle,North Melbourne,21.15,9.5,Perth Stadium,40033.0,25.3,11.0,0.0
2019R0201,2019,R2,2019-03-28,Richmond,Collingwood,10.6,17.8,M.C.G.,70699.0,28.5,9.7,0.0
2019R0202,2019,R2,2019-03-29,Sydney,Adelaide,8.14,12.16,S.C.G.,32575.0,28.1,18.5,0.0
2019R0203,2019,R2,2019-03-30,Essendon,St Kilda,9.11,10.16,Docklands,44252.0,17.8,8.4,2.2
2019R0204,2019,R2,2019-03-30,Port Adelaide,Carlton,13.1,11.6,Adelaide Oval,41552.0,17.9,10.8,1.8
2019R0205,2019,R2,2019-03-30,Geelong,Melbourne,20.6,6.1,Kardinia Park,27561.0,16.8,8.3,0.0
2019R0206,2019,R2,2019-03-30,West Coast,Greater Western Sydney,16.8,7.1,Perth Stadium,54985.0,30.7,14.1,0.0
2019R0207,2019,R2,2019-03-31,North Melbourne,Brisbane Lions,13.9,16.11,Docklands,23100.0,19.7,8.8,2.0
2019R0208,2019,R2,2019-03-31,Hawthorn,Western Bulldogs,13.9,16.1,M.C.G.,39368.0,19.7,8.8,2.0
2019R0209,2019,R2,2019-03-31,Gold Coast,Fremantle,7.19,8.1,Carrara,10119.0,24.9,14.9,2.6
2019R0301,2019,R3,2019-04-04,Adelaide,Geelong,10.15,14.15,Adelaide Oval,45631.0,31.6,20.2,0.0
2019R0302,2019,R3,2019-04-05,Melbourne,Essendon,18.4,20.1,M.C.G.,52475.0,28.7,12.1,0.0
2019R0303,2019,R3,2019-04-06,Carlton,Sydney,10.14,14.9,Docklands,39290.0,21.2,15.5,0.0
2019R0304,2019,R3,2019-04-06,Greater Western Sydney,Richmond,19.11,10.16,Sydney Showground,12697.0,30.0,15.8,1.6
2019R0305,2019,R3,2019-04-06,Brisbane Lions,Port Adelaide,16.11,13.12,Gabba,19958.0,27.8,18.8,0.0
2019R0306,2019,R3,2019-04-06,Collingwood,West Coast,11.1,15.8,M.C.G.,60878.0,21.2,15.5,0.0
2019R0307,2019,R3,2019-04-07,Western Bulldogs,Gold Coast,9.14,10.13,Docklands,22499.0,26.8,7.4,0.0
2019R0308,2019,R3,2019-04-07,Hawthorn,North Melbourne,13.9,10.11,M.C.G.,36174.0,26.8,7.4,0.0
2019R0309,2019,R3,2019-04-07,Fremantle,St Kilda,11.5,9.12,Perth Stadium,38227.0,25.9,11.5,0.0
2019R0401,2019,R4,2019-04-11,Sydney,Melbourne,11.12,15.1,S.C.G.,26669.0,20.0,11.7,0.0
2019R0402,2019,R4,2019-04-12,Collingwood,Western Bulldogs,11.12,9.1,M.C.G.,59257.0,25.7,5.6,0.0
2019R0403,2019,R4,2019-04-13,Geelong,Greater Western Sydney,11.9,11.13,Kardinia Park,28780.0,21.8,9.6,0.0
2019R0404,2019,R4,2019-04-13,Essendon,Brisbane Lions,17.1,9.11,M.C.G.,48289.0,21.3,9.2,0.0
2019R0405,2019,R4,2019-04-13,Port Adelaide,Richmond,14.8,15.9,Adelaide Oval,38864.0,23.6,12.8,0.0
2019R0406,2019,R4,2019-04-13,North Melbourne,Adelaide,9.17,8.11,Docklands,17207.0,21.3,9.2,0.0
2019R0407,2019,R4,2019-04-13,West Coast,Fremantle,10.9,7.14,Perth Stadium,58219.0,28.8,18.0,0.0
2019R0408,2019,R4,2019-04-14,Gold Coast,Carlton,8.11,8.9,Carrara,14176.0,26.2,17.3,0.2
2019R0409,2019,R4,2019-04-14,St Kilda,Hawthorn,10.14,10.9,Docklands,35883.0,23.5,10.3,0.0
2019R0501,2019,R5,2019-04-18,Brisbane Lions,Collingwood,8.13,18.15,Gabba,34017.0,28.2,17.7,0.2
2019R0502,2019,R5,2019-04-19,North Melbourne,Essendon,7.16,17.14,Docklands,48278.0,22.8,8.0,0.0
2019R0503,2019,R5,2019-04-19,West Coast,Port Adelaide,8.5,13.17,Perth Stadium,49290.0,17.1,10.5,23.4
2019R0504,2019,R5,2019-04-20,Greater Western Sydney,Fremantle,11.16,16.1,Manuka Oval,11277.0,25.8,9.8,0.0
2019R0505,2019,R5,2019-04-20,Melbourne,St Kilda,7.13,15.5,M.C.G.,35558.0,30.3,7.6,0.0
2019R0506,2019,R5,2019-04-20,Richmond,Sydney,13.11,10.7,Docklands,40053.0,30.3,7.6,0.0
2019R0507,2019,R5,2019-04-21,Western Bulldogs,Carlton,7.15,15.11,Docklands,35069.0,27.2,17.1,0.0
2019R0508,2019,R5,2019-04-21,Adelaide,Gold Coast,18.11,6.1,Adelaide Oval,40847.0,20.0,14.6,0.8
2019R0509,2019,R5,2019-04-22,Hawthorn,Geelong,13.12,17.11,M.C.G.,66347.0,17.2,12.8,1.0
2019R0601,2019,R6,2019-04-24,Richmond,Melbourne,12.13,6.6,M.C.G.,72704.0,23.4,14.0,0.0
2019R0602,2019,R6,2019-04-25,Essendon,Collingwood,10.9,10.13,M.C.G.,92241.0,21.8,8.0,0.0
2019R0603,2019,R6,2019-04-26,Port Adelaide,North Melbourne,12.16,11.6,Adelaide Oval,36099.0,18.7,15.1,0.2
2019R0604,2019,R6,2019-04-27,Gold Coast,Brisbane Lions,9.8,16.15,Carrara,13694.0,27.4,18.2,0.0
2019R0605,2019,R6,2019-04-27,St Kilda,Adelaide,10.8,15.7,Docklands,28404.0,16.2,7.3,4.0
2019R0606,2019,R6,2019-04-27,Sydney,Greater Western Sydney,12.7,18.12,S.C.G.,29780.0,18.9,14.2,0.0
2019R0607,2019,R6,2019-04-27,Fremantle,Western Bulldogs,13.1,9.15,Perth Stadium,43732.0,28.9,9.8,0.0
2019R0608,2019,R6,2019-04-28,Hawthorn,Carlton,13.15,13.1,York Park,15888.0,20.6,10.7,0.0
2019R0609,2019,R6,2019-04-28,Geelong,West Coast,15.14,7.4,Kardinia Park,28085.0,17.6,10.6,0.0
2019R0701,2019,R7,2019-05-03,Collingwood,Port Adelaide,15.18,10.9,Docklands,37559.0,20.7,10.6,0.2
2019R0702,2019,R7,2019-05-04,Melbourne,Hawthorn,11.13,11.8,M.C.G.,40864.0,16.1,11.9,0.4
2019R0703,2019,R7,2019-05-04,Greater Western Sydney,St Kilda,18.6,10.1,Manuka Oval,12633.0,19.0,5.0,0.6
2019R0704,2019,R7,2019-05-04,Brisbane Lions,Sydney,14.19,12.9,Gabba,20075.0,24.2,20.2,0.0
2019R0705,2019,R7,2019-05-04,Western Bulldogs,Richmond,15.9,7.1,Docklands,36151.0,16.1,11.9,0.4
2019R0706,2019,R7,2019-05-04,West Coast,Gold Coast,11.14,8.9,Perth Stadium,47497.0,24.0,11.2,2.0
2019R0707,2019,R7,2019-05-05,Carlton,North Melbourne,8.14,18.12,Docklands,42430.0,17.0,10.0,2.2
2019R0708,2019,R7,2019-05-05,Geelong,Essendon,13.8,7.12,M.C.G.,63527.0,17.0,10.0,2.2
2019R0709,2019,R7,2019-05-05,Adelaide,Fremantle,7.9,5.4,Adelaide Oval,42383.0,18.5,13.1,0.0
2019R0801,2019,R8,2019-05-10,Sydney,Essendon,11.11,10.12,S.C.G.,26502.0,20.9,11.5,0.0
2019R0802,2019,R8,2019-05-11,Carlton,Collingwood,13.9,16.1,M.C.G.,69289.0,16.6,9.0,9.8
2019R0803,2019,R8,2019-05-11,Western Bulldogs,Brisbane Lions,13.14,11.1,Eureka Stadium,9039.0,11.6,5.3,13.0
2019R0804,2019,R8,2019-05-11,Gold Coast,Melbourne,9.6,8.13,Carrara,9765.0,23.0,12.7,0.0
2019R0805,2019,R8,2019-05-11,St Kilda,West Coast,10.1,12.16,Docklands,24246.0,16.6,9.0,9.8
2019R0806,2019,R8,2019-05-11,Port Adelaide,Adelaide,9.14,13.1,Adelaide Oval,49675.0,17.5,11.2,1.0
2019R0807,2019,R8,2019-05-12,North Melbourne,Geelong,11.14,16.8,Docklands,21156.0,17.8,11.1,0.1
2019R0808,2019,R8,2019-05-12,Hawthorn,Greater Western Sydney,10.11,5.8,M.C.G.,14636.0,17.8,11.1,0.1
2019R0809,2019,R8,2019-05-12,Fremantle,Richmond,12.14,17.9,Perth Stadium,42641.0,24.9,7.7,0.0
2019R0901,2019,R9,2019-05-17,West Coast,Melbourne,13.7,9.15,Perth Stadium,51162.0,16.7,5.3,1.8
2019R0902,2019,R9,2019-05-18,Collingwood,St Kilda,17.1,10.11,M.C.G.,60702.0,22.0,4.1,0.0
2019R0903,2019,R9,2019-05-18,Brisbane Lions,Adelaide,13.15,13.14,Gabba,20405.0,23.8,15.4,1.6
2019R0904,2019,R9,2019-05-18,Geelong,Western Bulldogs,21.7,13.11,Kardinia Park,31373.0,18.8,4.8,0.0
2019R0905,2019,R9,2019-05-18,Essendon,Fremantle,8.12,7.11,Docklands,29176.0,22.0,4.1,0.0
2019R0906,2019,R9,2019-05-18,North Melbourne,Sydney,10.12,11.11,Bellerive Oval,12799.0,19.2,10.9,0.0
2019R0907,2019,R9,2019-05-19,Port Adelaide,Gold Coast,13.11,7.9,Adelaide Oval,26129.0,23.2,18.1,0.0
2019R0908,2019,R9,2019-05-19,Richmond,Hawthorn,14.11,8.11,M.C.G.,64936.0,21.8,7.1,0.0
2019R0909,2019,R9,2019-05-19,Greater Western Sydney,Carlton,20.18,7.3,Sydney Showground,9599.0,23.8,11.7,0.0
2019R1001,2019,R10,2019-05-24,Sydney,Collingwood,11.7,11.14,S.C.G.,34649.0,25.9,13.8,0.0
2019R1002,2019,R10,2019-05-25,Hawthorn,Port Adelaide,12.8,6.13,York Park,11637.0,15.4,10.9,12.4
2019R1003,2019,R10,2019-05-25,Western Bulldogs,North Melbourne,13.12,18.7,Docklands,26156.0,19.1,13.1,2.4
2019R1004,2019,R10,2019-05-25,Adelaide,West Coast,10.13,13.7,Adelaide Oval,41630.0,17.0,11.9,1.8
2019R1005,2019,R10,2019-05-25,Richmond,Essendon,10.13,6.14,M.C.G.,80176.0,19.1,13.1,2.4
2019R1006,2019,R10,2019-05-25,Gold Coast,Geelong,9.1,13.13,Carrara,13144.0,23.7,15.5,0.0
2019R1007,2019,R10,2019-05-26,Melbourne,Greater Western Sydney,10.8,14.1,M.C.G.,20023.0,14.5,7.1,8.0
2019R1008,2019,R10,2019-05-26,St Kilda,Carlton,9.14,8.7,Docklands,35058.0,14.5,7.1,8.0
2019R1009,2019,R10,2019-05-26,Fremantle,Brisbane Lions,10.13,10.12,Perth Stadium,36383.0,21.7,5.3,0.0
2019R1101,2019,R11,2019-05-31,North Melbourne,Richmond,15.9,9.8,Docklands,29326.0,13.7,6.9,2.4
2019R1102,2019,R11,2019-06-01,Collingwood,Fremantle,11.9,11.13,M.C.G.,41774.0,14.5,11.1,2.2
2019R1103,2019,R11,2019-06-01,Greater Western Sydney,Gold Coast,19.12,6.7,Sydney Showground,7581.0,18.9,7.6,0.0
2019R1104,2019,R11,2019-06-01,Geelong,Sydney,13.7,8.15,Kardinia Park,29021.0,15.0,11.5,0.4
2019R1105,2019,R11,2019-06-01,Brisbane Lions,Hawthorn,12.13,10.6,Gabba,25051.0,22.9,7.6,0.0
2019R1106,2019,R11,2019-06-01,Melbourne,Adelaide,12.16,14.6,Marrara Oval,10634.0,30.2,19.7,0.0
2019R1107,2019,R11,2019-06-02,St Kilda,Port Adelaide,9.15,22.7,Jiangwan Stadium,9412.0,19.16,9.79,2.26
2019R1108,2019,R11,2019-06-02,Essendon,Carlton,11.8,4.9,M.C.G.,50423.0,14.3,10.3,0.2
2019R1109,2019,R11,2019-06-02,West Coast,Western Bulldogs,21.7,10.12,Perth Stadium,53195.0,24.5,5.9,0.0
2019R1201,2019,R12,2019-06-07,Richmond,Geelong,5.7,16.8,M.C.G.,65214.0,17.4,10.4,0.0
2019R1202,2019,R12,2019-06-08,Carlton,Brisbane Lions,11.12,9.9,Docklands,32211.0,18.5,5.0,0.1
2019R1203,2019,R12,2019-06-08,Gold Coast,North Melbourne,11.6,14.15,Carrara,9305.0,19.6,15.1,1.2
2019R1204,2019,R12,2019-06-08,Adelaide,Greater Western Sydney,12.1,9.7,Adelaide Oval,41710.0,16.8,3.6,0.0
2019R1205,2019,R12,2019-06-09,Sydney,West Coast,18.8,10.11,S.C.G.,36640.0,22.0,10.3,0.0
2019R1206,2019,R12,2019-06-10,Collingwood,Melbourne,15.8,7.15,M.C.G.,74036.0,18.3,11.3,4.6
2019R1301,2019,R13,2019-06-13,Adelaide,Richmond,15.11,9.14,Adelaide Oval,40837.0,16.9,9.9,0.8
2019R1302,2019,R13,2019-06-14,Essendon,Hawthorn,14.12,11.11,Docklands,44846.0,16.8,9.1,2.2
2019R1303,2019,R13,2019-06-15,Gold Coast,St Kilda,11.1,11.14,Riverway Stadium,7243.0,27.2,16.2,0.0
2019R1304,2019,R13,2019-06-15,Fremantle,Port Adelaide,15.1,12.7,Perth Stadium,37451.0,18.6,7.5,8.8
2019R1305,2019,R13,2019-06-15,Carlton,Western Bulldogs,15.1,15.13,Docklands,35479.0,15.5,8.1,3.6
2019R1306,2019,R13,2019-06-16,North Melbourne,Greater Western Sydney,10.8,14.7,Bellerive Oval,7832.0,12.8,3.2,0.2
2019R1401,2019,R14,2019-06-20,West Coast,Essendon,14.22,11.5,Perth Stadium,52810.0,19.7,4.4,0.0
2019R1402,2019,R14,2019-06-21,Sydney,Hawthorn,12.1,9.9,S.C.G.,29553.0,14.9,7.3,0.0
2019R1403,2019,R14,2019-06-22,Melbourne,Fremantle,13.7,11.5,M.C.G.,20211.0,11.9,5.1,1.8
2019R1404,2019,R14,2019-06-22,St Kilda,Brisbane Lions,8.11,17.13,Docklands,22885.0,11.9,5.1,1.8
2019R1405,2019,R14,2019-06-22,Port Adelaide,Geelong,9.13,8.8,Adelaide Oval,37726.0,15.0,1.8,0.0
2019R1406,2019,R14,2019-06-23,Western Bulldogs,Collingwood,10.13,13.4,Docklands,39836.0,9.8,1.4,0.0
2019R1501,2019,R15,2019-06-27,Essendon,Greater Western Sydney,12.5,10.11,Docklands,25195.0,16.8,4.7,0.0
2019R1502,2019,R15,2019-06-28,Geelong,Adelaide,14.12,10.9,Kardinia Park,28108.0,18.5,9.5,0.0
2019R1503,2019,R15,2019-06-29,Hawthorn,West Coast,9.17,11.11,M.C.G.,31895.0,16.8,12.7,1.2
2019R1504,2019,R15,2019-06-29,Sydney,Gold Coast,14.9,7.9,S.C.G.,26194.0,21.4,8.6,0.0
2019R1505,2019,R15,2019-06-29,Collingwood,North Melbourne,5.7,11.15,Docklands,38801.0,16.8,12.7,1.2
2019R1506,2019,R15,2019-06-29,Port Adelaide,Western Bulldogs,5.11,10.6,Adelaide Oval,25623.0,14.1,10.8,13.0
2019R1507,2019,R15,2019-06-30,St Kilda,Richmond,10.1,16.7,Docklands,40962.0,13.5,7.6,7.2
2019R1508,2019,R15,2019-06-30,Brisbane Lions,Melbourne,15.17,11.8,Gabba,24809.0,25.0,12.6,0.6
2019R1509,2019,R15,2019-06-30,Fremantle,Carlton,11.9,11.13,Perth Stadium,37293.0,16.0,10.6,0.4
2019R1601,2019,R16,2019-07-05,Hawthorn,Collingwood,9.13,9.9,M.C.G.,66407.0,17.3,1.4,0.0
2019R1602,2019,R16,2019-07-06,Essendon,Sydney,11.1,9.12,M.C.G.,60199.0,18.0,4.3,0.4
2019R1603,2019,R16,2019-07-06,Gold Coast,Richmond,9.4,23.12,Carrara,16031.0,21.0,16.6,3.2
2019R1604,2019,R16,2019-07-06,Adelaide,Port Adelaide,5.14,15.11,Adelaide Oval,50544.0,21.9,14.9,0.0
2019R1605,2019,R16,2019-07-06,Western Bulldogs,Geelong,10.11,7.13,Docklands,35641.0,18.0,4.3,0.4
2019R1606,2019,R16,2019-07-06,Fremantle,West Coast,2.19,19.8,Perth Stadium,56358.0,18.2,6.8,11.2
2019R1607,2019,R16,2019-07-07,Carlton,Melbourne,15.1,15.15,M.C.G.,55593.0,16.8,7.2,0.0
2019R1608,2019,R16,2019-07-07,North Melbourne,St Kilda,17.1,11.7,Bellerive Oval,10696.0,12.2,3.8,0.0
2019R1609,2019,R16,2019-07-07,Greater Western Sydney,Brisbane Lions,11.8,14.1,Sydney Showground,12268.0,19.3,11.2,0.0
2019R1701,2019,R17,2019-07-12,West Coast,Collingwood,12.5,11.12,Perth Stadium,56251.0,18.7,4.4,0.0
2019R1702,2019,R17,2019-07-13,Sydney,Carlton,8.14,9.15,S.C.G.,32570.0,16.2,11.3,0.1
2019R1703,2019,R17,2019-07-13,Hawthorn,Fremantle,12.12,8.5,York Park,13006.0,12.9,1.3,0.8
2019R1704,2019,R17,2019-07-13,Essendon,North Melbourne,12.14,12.9,Docklands,45682.0,11.8,6.0,3.0
2019R1705,2019,R17,2019-07-13,Gold Coast,Adelaide,8.8,23.13,Carrara,8741.0,24.0,12.2,0.0
2019R1706,2019,R17,2019-07-13,Geelong,St Kilda,12.12,8.9,Kardinia Park,24035.0,12.7,5.7,3.2
2019R1707,2019,R17,2019-07-14,Richmond,Greater Western Sydney,13.16,9.13,M.C.G.,38986.0,13.2,5.7,1.4
2019R1708,2019,R17,2019-07-14,Western Bulldogs,Melbourne,10.14,9.12,Docklands,26781.0,13.2,5.7,1.4
2019R1709,2019,R17,2019-07-14,Port Adelaide,Brisbane Lions,6.13,14.13,Adelaide Oval,33118.0,13.6,10.0,3.6
2019R1801,2019,R18,2019-07-19,Adelaide,Essendon,10.15,15.6,Adelaide Oval,47735.0,18.0,6.9,0.0
2019R1802,2019,R18,2019-07-20,Richmond,Port Adelaide,15.11,9.9,M.C.G.,41642.0,16.1,5.9,0.0
2019R1803,2019,R18,2019-07-20,Carlton,Gold Coast,15.9,11.9,Docklands,31765.0,16.1,5.9,0.0
2019R1804,2019,R18,2019-07-20,Greater Western Sydney,Collingwood,19.8,11.9,Sydney Showground,15467.0,20.6,3.2,0.0
2019R1805,2019,R18,2019-07-20,Brisbane Lions,North Melbourne,12.15,12.3,Gabba,23833.0,23.1,7.9,0.0
2019R1806,2019,R18,2019-07-20,Fremantle,Sydney,7.1,7.9,Perth Stadium,33594.0,17.7,8.8,13.2
2019R1807,2019,R18,2019-07-21,Geelong,Hawthorn,8.13,12.13,M.C.G.,53636.0,14.9,9.8,0.0
2019R1808,2019,R18,2019-07-21,Melbourne,West Coast,11.12,14.7,Traeger Park,7164.0,21.8,12.4,0.0
2019R1809,2019,R18,2019-07-21,St Kilda,Western Bulldogs,17.14,14.5,Docklands,21705.0,14.9,9.8,0.0
2019R1901,2019,R19,2019-07-26,Collingwood,Richmond,9.12,14.14,M.C.G.,78722.0,12.8,10.1,0.0
2019R1902,2019,R19,2019-07-27,Hawthorn,Brisbane Lions,7.18,13.9,York Park,15157.0,11.6,0.2,0.2
2019R1903,2019,R19,2019-07-27,Carlton,Adelaide,13.9,9.6,M.C.G.,38369.0,15.0,7.6,8.0
2019R1904,2019,R19,2019-07-27,West Coast,North Melbourne,18.13,10.12,Perth Stadium,54376.0,20.3,11.4,10.4
2019R1905,2019,R19,2019-07-27,St Kilda,Melbourne,15.14,13.7,Docklands,22854.0,15.0,7.6,8.0
2019R1906,2019,R19,2019-07-27,Port Adelaide,Greater Western Sydney,7.13,8.8,Adelaide Oval,27591.0,15.5,6.9,0.0
2019R1907,2019,R19,2019-07-28,Western Bulldogs,Fremantle,16.17,9.12,Docklands,21181.0,15.0,5.6,2.0
2019R1908,2019,R19,2019-07-28,Sydney,Geelong,12.8,16.11,S.C.G.,32911.0,19.4,8.7,0.0
2019R1909,2019,R19,2019-07-28,Gold Coast,Essendon,15.6,16.1,Carrara,15759.0,23.2,13.0,0.0
2019R2001,2019,R20,2019-08-02,North Melbourne,Hawthorn,12.14,9.1,Docklands,33226.0,12.9,8.5,0.6
2019R2002,2019,R20,2019-08-03,Essendon,Port Adelaide,9.13,19.12,Docklands,42940.0,13.5,9.8,0.2
2019R2003,2019,R20,2019-08-03,Greater Western Sydney,Sydney,12.11,12.9,Sydney Showground,16116.0,22.1,5.1,0.0
2019R2004,2019,R20,2019-08-03,Fremantle,Geelong,14.11,9.7,Perth Stadium,36310.0,22.3,12.1,0.0
2019R2005,2019,R20,2019-08-03,Melbourne,Richmond,9.6,13.15,M.C.G.,37254.0,13.5,9.8,0.2
2019R2006,2019,R20,2019-08-03,Adelaide,St Kilda,14.8,10.1,Adelaide Oval,39984.0,13.6,9.0,0.0
2019R2007,2019,R20,2019-08-04,Collingwood,Gold Coast,18.12,8.3,M.C.G.,33577.0,12.8,8.0,1.2
2019R2008,2019,R20,2019-08-04,Carlton,West Coast,11.9,15.9,Docklands,32802.0,12.8,8.0,1.2
2019R2009,2019,R20,2019-08-04,Brisbane Lions,Western Bulldogs,14.14,11.14,Gabba,25831.0,24.0,10.4,0.0
2019R2101,2019,R21,2019-08-09,Greater Western Sydney,Hawthorn,4.5,13.7,Manuka Oval,11741.0,8.7,4.1,6.6
2019R2102,2019,R21,2019-08-10,Melbourne,Collingwood,7.11,10.1,M.C.G.,31903.0,12.7,2.9,4.8
2019R2103,2019,R21,2019-08-10,Port Adelaide,Sydney,15.13,7.14,Adelaide Oval,29568.0,13.1,7.9,5.8
2019R2104,2019,R21,2019-08-10,Brisbane Lions,Gold Coast,22.12,8.5,Gabba,22530.0,22.9,16.0,0.0
2019R2105,2019,R21,2019-08-10,Essendon,Western Bulldogs,4.9,21.11,Docklands,41816.0,12.7,2.9,4.8
2019R2106,2019,R21,2019-08-10,Geelong,North Melbourne,9.15,1.8,Kardinia Park,21664.0,12.6,3.3,5.6
2019R2107,2019,R21,2019-08-11,St Kilda,Fremantle,10.12,10.9,Docklands,17715.0,13.3,3.9,6.8
2019R2108,2019,R21,2019-08-11,Richmond,Carlton,11.7,6.9,M.C.G.,51039.0,13.3,3.9,6.8
2019R2109,2019,R21,2019-08-11,West Coast,Adelaide,13.12,12.8,Perth Stadium,54994.0,22.5,10.2,0.0
2019R2201,2019,R22,2019-08-16,Melbourne,Sydney,5.12,15.5,M.C.G.,23700.0,17.0,8.9,0.4
2019R2202,2019,R22,2019-08-17,Carlton,St Kilda,11.12,10.8,M.C.G.,51786.0,15.5,4.6,4.0
2019R2203,2019,R22,2019-08-17,Brisbane Lions,Geelong,10.15,10.14,Gabba,35608.0,27.7,10.2,0.0
2019R2204,2019,R22,2019-08-17,Adelaide,Collingwood,6.12,17.12,Adelaide Oval,48175.0,18.7,5.5,0.0
2019R2205,2019,R22,2019-08-17,North Melbourne,Port Adelaide,22.12,8.1,Docklands,17063.0,15.5,4.6,4.0
2019R2206,2019,R22,2019-08-17,Fremantle,Essendon,7.13,13.9,Perth Stadium,47833.0,16.1,6.7,26.6
2019R2207,2019,R22,2019-08-18,Richmond,West Coast,13.1,13.4,M.C.G.,57415.0,17.8,7.8,0.1
2019R2208,2019,R22,2019-08-18,Greater Western Sydney,Western Bulldogs,9.11,19.12,Sydney Showground,10139.0,22.5,5.5,0.0
2019R2209,2019,R22,2019-08-18,Hawthorn,Gold Coast,18.1,7.6,Docklands,31331.0,17.8,7.8,0.1
2019R2301,2019,R23,2019-08-23,Collingwood,Essendon,10.16,10.5,M.C.G.,85405.0,14.8,2.2,0.0
2019R2302,2019,R23,2019-08-24,Sydney,St Kilda,17.7,8.16,S.C.G.,33722.0,25.9,6.1,0.0
2019R2303,2019,R23,2019-08-24,North Melbourne,Melbourne,13.1,12.11,Bellerive Oval,8202.0,17.9,7.9,0.0
2019R2304,2019,R23,2019-08-24,Geelong,Carlton,19.15,8.13,Kardinia Park,31669.0,19.3,6.4,0.0
2019R2305,2019,R23,2019-08-24,Gold Coast,Greater Western Sydney,7.13,20.7,Carrara,7610.0,21.8,11.8,0.0
2019R2306,2019,R23,2019-08-24,West Coast,Hawthorn,9.13,16.9,Perth Stadium,55859.0,16.9,3.6,0.2
2019R2307,2019,R23,2019-08-25,Western Bulldogs,Adelaide,18.13,13.9,Eureka Stadium,9560.0,9.2,2.0,0.8
2019R2308,2019,R23,2019-08-25,Richmond,Brisbane Lions,12.1,8.7,M.C.G.,76995.0,13.1,4.1,1.2
2019R2309,2019,R23,2019-08-25,Port Adelaide,Fremantle,15.2,10.7,Adelaide Oval,27504.0,13.3,3.9,0.0
2019EF01,2019,EF,2019-09-05,West Coast,Essendon,17.14,9.7,Perth Stadium,59216.0,16.9,3.2,0.0
2019QF01,2019,QF,2019-09-06,Geelong,Collingwood,7.9,9.7,M.C.G.,93436.0,15.8,10.0,3.0
2019EF02,2019,EF,2019-09-07,Greater Western Sydney,Western Bulldogs,16.17,8.7,Sydney Showground,19218.0,19.6,8.9,0.4
2019QF02,2019,QF,2019-09-07,Brisbane Lions,Richmond,8.17,18.4,Gabba,37478.0,26.4,16.9,0.0
2019SF01,2019,SF,2019-09-13,Geelong,West Coast,13.1,10.8,M.C.G.,51813.0,18.4,7.9,0.0
2019SF02,2019,SF,2019-09-14,Brisbane Lions,Greater Western Sydney,11.14,12.11,Gabba,30034.0,30.5,12.0,0.0
2019PF01,2019,PF,2019-09-20,Richmond,Geelong,12.13,9.12,M.C.G.,94423.0,24.9,16.8,0.0
2019PF02,2019,PF,2019-09-21,Collingwood,Greater Western Sydney,7.1,8.8,M.C.G.,77828.0,19.6,18.3,0.2
2019GF01,2019,GF,2019-09-28,Richmond,Greater Western Sydney,17.12,3.7,M.C.G.,100014.0,14.9,4.8,0.0
2020R0101,2020,R1,2020-03-19,Richmond,Carlton,16.9,12.9,M.C.G.,0.0,30.0,18.7,0.0
2020R0102,2020,R1,2020-03-20,Western Bulldogs,Collingwood,5.4,13.8,Docklands,0.0,24.1,13.0,0.0
2020R0103,2020,R1,2020-03-21,Essendon,Fremantle,9.9,8.9,Docklands,0.0,18.7,13.0,0.4
2020R0104,2020,R1,2020-03-21,Adelaide,Sydney,11.5,11.8,Adelaide Oval,0.0,21.4,11.2,0.0
2020R0105,2020,R1,2020-03-21,Gold Coast,Port Adelaide,4.5,10.16,Carrara,0.0,31.3,20.6,0.0
2020R0106,2020,R1,2020-03-21,Greater Western Sydney,Geelong,17.3,11.7,Sydney Showground,0.0,26.3,16.5,0.0
2020R0107,2020,R1,2020-03-22,North Melbourne,St Kilda,8.8,7.12,Docklands,0.0,18.4,11.6,0.2
2020R0108,2020,R1,2020-03-22,Hawthorn,Brisbane Lions,14.6,9.8,M.C.G.,0.0,18.4,11.6,0.2
2020R0109,2020,R1,2020-03-22,West Coast,Melbourne,12.6,7.9,Perth Stadium,0.0,31.8,18.8,0.0
2020R0201,2020,R2,2020-06-11,Collingwood,Richmond,5.6,5.6,M.C.G.,0.0,16.2,3.0,0.0
2020R0202,2020,R2,2020-06-12,Geelong,Hawthorn,17.6,7.5,Kardinia Park,0.0,14.8,2.2,0.0
2020R0203,2020,R2,2020-06-13,Brisbane Lions,Fremantle,12.9,10.9,Gabba,0.0,24.7,13.4,0.0
2020R0204,2020,R2,2020-06-13,Carlton,Melbourne,7.11,8.6,Docklands,0.0,15.5,6.8,0.0
2020R0205,2020,R2,2020-06-13,Port Adelaide,Adelaide,17.8,5.5,Adelaide Oval,2240.0,14.9,10.4,0.6
2020R0206,2020,R2,2020-06-13,Gold Coast,West Coast,14.6,6.1,Carrara,0.0,22.7,14.3,0.0
2020R0207,2020,R2,2020-06-14,Greater Western Sydney,North Melbourne,8.12,12.8,Sydney Showground,350.0,21.5,12.1,7.4
2020R0208,2020,R2,2020-06-14,Sydney,Essendon,11.7,12.7,S.C.G.,337.0,22.1,13.4,9.6
2020R0209,2020,R2,2020-06-14,St Kilda,Western Bulldogs,14.4,7.7,Docklands,0.0,13.9,9.5,5.8
2020R0301,2020,R3,2020-06-18,Richmond,Hawthorn,5.9,11.5,M.C.G.,0.0,15.9,2.8,0.0
2020R0302,2020,R3,2020-06-19,Western Bulldogs,Greater Western Sydney,8.9,4.9,Docklands,0.0,16.3,8.2,0.0
2020R0303,2020,R3,2020-06-20,North Melbourne,Sydney,8.12,10.11,Docklands,0.0,16.3,11.5,2.0
2020R0304,2020,R3,2020-06-20,Collingwood,St Kilda,12.9,5.7,M.C.G.,0.0,16.3,11.5,2.0
2020R0305,2020,R3,2020-06-20,Geelong,Carlton,11.11,12.7,Kardinia Park,0.0,16.0,10.2,1.2
2020R0306,2020,R3,2020-06-20,Brisbane Lions,West Coast,10.14,6.8,Gabba,1965.0,19.2,13.1,1.8
2020R0307,2020,R3,2020-06-21,Gold Coast,Adelaide,12.1,4.5,Carrara,1997.0,22.7,13.7,0.0
2020R0308,2020,R3,2020-06-21,Fremantle,Port Adelaide,6.5,10.1,Carrara,180.0,22.7,13.7,0.0
2020R0401,2020,R4,2020-06-25,Sydney,Western Bulldogs,5.9,10.7,S.C.G.,605.0,19.1,10.2,0.0
2020R0402,2020,R4,2020-06-26,Greater Western Sydney,Collingwood,10.6,9.1,Sydney Showground,487.0,18.9,5.7,0.0
2020R0403,2020,R4,2020-06-27,Port Adelaide,West Coast,13.11,6.5,Carrara,450.0,21.5,11.9,0.0
2020R0404,2020,R4,2020-06-27,St Kilda,Richmond,15.3,10.7,Docklands,0.0,13.1,4.0,0.0
2020R0405,2020,R4,2020-06-27,Essendon,Carlton,8.3,7.1,M.C.G.,0.0,13.1,4.0,0.0
2020R0406,2020,R4,2020-06-27,Gold Coast,Fremantle,10.4,8.3,Carrara,5106.0,21.5,11.9,0.0
2020R0407,2020,R4,2020-06-28,Brisbane Lions,Adelaide,10.23,7.4,Gabba,7354.0,18.0,14.3,0.4
2020R0408,2020,R4,2020-06-28,Melbourne,Geelong,6.8,7.5,M.C.G.,0.0,13.1,0.5,0.0
2020R0409,2020,R4,2020-06-28,Hawthorn,North Melbourne,8.1,8.6,Docklands,0.0,13.1,0.5,0.0
2020R0501,2020,R5,2020-07-02,Carlton,St Kilda,8.7,11.7,Docklands,0.0,14.4,8.9,1.2
2020R0502,2020,R5,2020-07-03,Collingwood,Essendon,7.6,10.3,M.C.G.,0.0,10.2,6.5,0.2
2020R0503,2020,R5,2020-07-04,West Coast,Sydney,11.11,6.7,Carrara,2238.0,20.9,13.3,0.8
2020R0504,2020,R5,2020-07-04,Geelong,Gold Coast,13.11,8.4,Kardinia Park,0.0,15.5,4.9,7.2
2020R0505,2020,R5,2020-07-04,Western Bulldogs,North Melbourne,13.9,5.8,Docklands,0.0,13.5,5.2,8.8
2020R0506,2020,R5,2020-07-04,Brisbane Lions,Port Adelaide,12.13,6.12,Gabba,10161.0,20.7,11.7,0.0
2020R0507,2020,R5,2020-07-05,Adelaide,Fremantle,4.1,8.6,Carrara,418.0,19.8,7.2,0.0
2020R0508,2020,R5,2020-07-05,Melbourne,Richmond,8.4,12.7,M.C.G.,0.0,12.8,7.9,5.2
2020R0509,2020,R5,2020-07-05,Greater Western Sydney,Hawthorn,13.5,7.7,Sydney Showground,5674.0,18.5,6.3,0.0
2020R0601,2020,R6,2020-07-09,Geelong,Brisbane Lions,11.7,6.1,S.C.G.,1311.0,18.2,8.3,0.2
2020R0602,2020,R6,2020-07-10,Collingwood,Hawthorn,8.11,3.9,Sydney Showground,1772.0,17.7,8.1,0.2
2020R0603,2020,R6,2020-07-11,Fremantle,St Kilda,12.7,11.7,Carrara,638.0,22.4,14.6,0.8
2020R0604,2020,R6,2020-07-11,West Coast,Adelaide,10.7,5.4,Gabba,210.0,24.3,13.7,0.6
2020R0605,2020,R6,2020-07-11,Melbourne,Gold Coast,12.8,9.9,Sydney Showground,250.0,15.8,11.5,3.6
2020R0606,2020,R6,2020-07-11,Essendon,North Melbourne,9.13,7.11,Carrara,4271.0,22.4,14.6,0.8
2020R0607,2020,R6,2020-07-12,Port Adelaide,Greater Western Sydney,9.9,6.1,Carrara,368.0,23.5,14.4,0.0
2020R0608,2020,R6,2020-07-12,Richmond,Sydney,4.1,3.8,Gabba,3606.0,22.8,13.9,0.2
2020R0609,2020,R6,2020-07-12,Carlton,Western Bulldogs,16.7,7.9,Carrara,2178.0,23.5,14.4,0.0
2020R0701,2020,R7,2020-07-16,Geelong,Collingwood,5.5,8.9,Perth Stadium,22077.0,20.2,12.5,1.0
2020R0702,2020,R7,2020-07-17,Essendon,Western Bulldogs,7.9,14.9,Carrara,4949.0,20.9,9.1,0.0
2020R0703,2020,R7,2020-07-18,Greater Western Sydney,Brisbane Lions,10.8,13.1,Sydney Showground,3168.0,18.6,8.1,0.0
2020R0704,2020,R7,2020-07-18,Sydney,Gold Coast,9.6,13.14,S.C.G.,6000.0,17.0,10.7,1.3
2020R0705,2020,R7,2020-07-18,Richmond,North Melbourne,11.11,2.11,Carrara,4337.0,21.9,12.6,0.0
2020R0706,2020,R7,2020-07-19,Carlton,Port Adelaide,9.7,9.1,Gabba,3510.0,25.1,10.1,0.0
2020R0707,2020,R7,2020-07-19,Hawthorn,Melbourne,7.6,14.7,Sydney Showground,750.0,20.5,4.9,0.0
2020R0708,2020,R7,2020-07-19,Fremantle,West Coast,5.2,9.8,Perth Stadium,25306.0,15.4,4.4,0.4
2020R0709,2020,R7,2020-07-20,Adelaide,St Kilda,8.7,12.6,Adelaide Oval,13579.0,13.9,5.1,0.2
2020R0801,2020,R8,2020-07-23,Gold Coast,Western Bulldogs,6.1,7.9,Carrara,4039.0,19.1,15.0,0.0
2020R0802,2020,R8,2020-07-24,Greater Western Sydney,Richmond,9.8,6.14,Sydney Showground,5500.0,20.1,5.0,0.0
2020R0803,2020,R8,2020-07-25,North Melbourne,Carlton,9.3,9.1,Gabba,3655.0,20.8,14.6,3.2
2020R0804,2020,R8,2020-07-25,Sydney,Hawthorn,9.6,7.11,S.C.G.,4264.0,18.1,8.8,0.0
2020R0805,2020,R8,2020-07-25,Port Adelaide,St Kilda,6.8,12.1,Adelaide Oval,16727.0,16.0,3.9,0.0
2020R0806,2020,R8,2020-07-26,Adelaide,Essendon,8.11,9.8,Adelaide Oval,15155.0,16.3,2.9,0.0
2020R0807,2020,R8,2020-07-26,West Coast,Collingwood,18.3,6.9,Perth Stadium,24824.0,20.8,13.9,2.2
2020R0808,2020,R8,2020-07-26,Melbourne,Brisbane Lions,7.7,7.11,Carrara,3011.0,22.9,16.8,100.2
2020R0809,2020,R8,2020-07-27,Fremantle,Geelong,2.4,6.12,Perth Stadium,20251.0,24.4,14.1,4.8
2020R0901,2020,R9,2020-07-29,Western Bulldogs,Richmond,7.7,13.12,Carrara,2824.0,22.8,10.8,0.0
2020R0902,2020,R9,2020-07-30,Melbourne,Port Adelaide,4.8,12.11,Gabba,323.0,24.2,11.1,0.0
2020R0903,2020,R9,2020-07-31,Carlton,Hawthorn,9.4,14.5,Perth Stadium,12304.0,19.8,8.7,0.0
2020R0904,2020,R9,2020-07-31,Essendon,Brisbane Lions,3.1,14.7,Carrara,4860.0,21.7,14.3,0.0
2020R0905,2020,R9,2020-08-01,North Melbourne,Adelaide,19.5,7.8,Carrara,522.0,21.8,14.1,0.0
2020R0906,2020,R9,2020-08-01,St Kilda,Sydney,15.11,6.12,Gabba,2978.0,22.7,11.9,0.0
2020R0907,2020,R9,2020-08-01,West Coast,Geelong,11.7,10.4,Perth Stadium,26211.0,19.2,7.2,0.0
2020R0908,2020,R9,2020-08-02,Gold Coast,Greater Western Sydney,4.11,9.7,Carrara,4363.0,21.7,12.0,0.0
2020R0909,2020,R9,2020-08-02,Fremantle,Collingwood,10.1,7.7,Perth Stadium,20912.0,19.2,5.2,0.0
2020R1001,2020,R10,2020-08-03,Port Adelaide,Western Bulldogs,8.7,5.12,Adelaide Oval,14159.0,15.0,5.5,0.0
2020R1002,2020,R10,2020-08-04,Richmond,Brisbane Lions,12.1,4.17,Carrara,5651.0,24.1,13.4,0.0
2020R1003,2020,R10,2020-08-05,Geelong,North Melbourne,13.12,9.3,Gabba,2282.0,25.1,10.3,0.0
2020R1004,2020,R10,2020-08-05,Adelaide,Melbourne,5.7,13.1,Adelaide Oval,12022.0,14.6,-0.3,0.0
2020R1005,2020,R10,2020-08-06,Collingwood,Sydney,6.14,6.5,Gabba,4146.0,25.9,9.8,0.0
2020R1006,2020,R10,2020-08-06,Gold Coast,St Kilda,11.8,12.6,Carrara,3095.0,23.3,9.7,0.0
2020R1007,2020,R10,2020-08-07,Essendon,Greater Western Sydney,8.7,8.11,Carrara,1178.0,23.7,16.1,1.0
2020R1101,2020,R11,2020-08-08,Port Adelaide,Richmond,13.15,11.6,Adelaide Oval,10256.0,14.0,7.7,1.4
2020R1102,2020,R11,2020-08-08,Brisbane Lions,Western Bulldogs,14.12,11.6,Gabba,11061.0,24.1,14.7,11.6
2020R1103,2020,R11,2020-08-09,West Coast,Carlton,11.6,7.8,Perth Stadium,19092.0,16.8,12.6,4.4
2020R1104,2020,R11,2020-08-09,Melbourne,North Melbourne,13.14,5.5,Adelaide Oval,2172.0,15.3,6.3,0.0
2020R1105,2020,R11,2020-08-10,St Kilda,Geelong,4.1,14.9,Gabba,3903.0,18.8,9.8,0.0
2020R1106,2020,R11,2020-08-10,Fremantle,Hawthorn,7.6,4.8,Perth Stadium,18512.0,19.1,11.3,31.0
2020R1107,2020,R11,2020-08-11,Adelaide,Collingwood,5.8,10.2,Adelaide Oval,8577.0,15.0,11.9,0.2
2020R1108,2020,R11,2020-08-12,Gold Coast,Essendon,11.7,11.7,Carrara,4303.0,23.0,13.2,0.0
2020R1201,2020,R12,2020-08-13,Sydney,Greater Western Sydney,10.6,3.7,Perth Stadium,6464.0,17.1,9.4,0.0
2020R1202,2020,R12,2020-08-14,Geelong,Port Adelaide,14.7,4.7,Carrara,3378.0,22.9,13.9,0.0
2020R1203,2020,R12,2020-08-15,North Melbourne,Brisbane Lions,8.4,7.11,Carrara,2722.0,23.0,16.6,2.0
2020R1204,2020,R12,2020-08-15,Melbourne,Collingwood,16.4,6.8,Gabba,5338.0,24.3,16.9,1.4
2020R1205,2020,R12,2020-08-15,Fremantle,Carlton,5.6,5.1,Perth Stadium,24114.0,21.8,10.0,0.6
2020R1206,2020,R12,2020-08-16,Western Bulldogs,Adelaide,16.15,8.6,Carrara,613.0,23.0,11.9,0.2
2020R1207,2020,R12,2020-08-16,St Kilda,Essendon,10.8,5.3,Gabba,4686.0,22.6,12.1,6.4
2020R1208,2020,R12,2020-08-16,West Coast,Hawthorn,12.9,7.7,Perth Stadium,22870.0,15.7,11.0,19.2
2020R1209,2020,R12,2020-08-17,Richmond,Gold Coast,8.5,4.8,Gabba,4062.0,22.1,10.3,0.0
2020R1301,2020,R13,2020-08-21,Gold Coast,Carlton,4.3,7.18,Marrara Oval,5172.0,32.5,23.1,0.0
2020R1302,2020,R13,2020-08-22,Western Bulldogs,Melbourne,12.8,7.1,Carrara,1765.0,22.2,10.8,0.0
2020R1303,2020,R13,2020-08-22,Port Adelaide,Hawthorn,9.14,9.4,Adelaide Oval,11740.0,13.7,8.2,3.8
2020R1304,2020,R13,2020-08-22,Essendon,Richmond,10.1,10.13,Marrara Oval,5401.0,32.2,22.4,0.0
2020R1305,2020,R13,2020-08-22,Fremantle,Sydney,7.8,2.7,Perth Stadium,24714.0,22.2,10.5,0.0
2020R1306,2020,R13,2020-08-23,Adelaide,Geelong,5.7,9.11,Adelaide Oval,10431.0,13.2,9.2,0.4
2020R1307,2020,R13,2020-08-23,Brisbane Lions,St Kilda,6.14,7.6,Gabba,13750.0,21.2,10.5,0.0
2020R1308,2020,R13,2020-08-23,West Coast,Greater Western Sydney,9.7,7.7,Perth Stadium,27339.0,19.5,12.6,1.0
2020R1309,2020,R13,2020-08-24,Collingwood,North Melbourne,10.5,5.5,Gabba,2443.0,23.1,9.1,0.0
2020R1401,2020,R14,2020-08-27,Hawthorn,Essendon,10.11,13.9,Adelaide Oval,4973.0,17.7,9.3,0.0
2020R1402,2020,R14,2020-08-27,Richmond,West Coast,14.4,9.7,Carrara,3628.0,21.0,11.5,0.0
2020R1403,2020,R14,2020-08-28,Western Bulldogs,Geelong,9.7,10.12,Carrara,2156.0,26.2,9.8,0.0
2020R1404,2020,R14,2020-08-29,Port Adelaide,Sydney,11.7,7.5,Adelaide Oval,11801.0,24.9,8.0,0.0
2020R1405,2020,R14,2020-08-29,Fremantle,Greater Western Sydney,8.5,14.7,Perth Stadium,24406.0,17.8,11.7,2.8
2020R1406,2020,R14,2020-08-29,Melbourne,St Kilda,8.4,7.7,Traeger Park,1917.0,28.4,4.8,0.0
2020R1407,2020,R14,2020-08-30,Carlton,Collingwood,7.6,10.12,Gabba,9033.0,23.4,13.1,0.0
2020R1408,2020,R14,2020-08-30,Gold Coast,North Melbourne,12.19,4.4,Carrara,3353.0,22.3,14.9,1.2
2020R1501,2020,R15,2020-09-01,Hawthorn,Adelaide,7.6,12.11,Adelaide Oval,6191.0,19.5,4.9,0.0
2020R1502,2020,R15,2020-09-01,West Coast,Essendon,9.6,6.9,Gabba,1932.0,26.4,12.8,0.0
2020R1503,2020,R15,2020-09-02,Richmond,Fremantle,8.8,4.5,Carrara,1818.0,24.3,18.7,0.0
2020R1504,2020,R15,2020-09-03,Sydney,Melbourne,10.7,6.1,Cazaly's Stadium,3199.0,30.2,19.2,0.0
2020R1505,2020,R15,2020-09-03,Greater Western Sydney,Carlton,6.12,5.9,Carrara,1469.0,26.2,15.7,0.0
2020R1506,2020,R15,2020-09-04,Brisbane Lions,Collingwood,6.6,5.4,Gabba,15036.0,25.7,15.7,0.0
2020R1601,2020,R16,2020-09-05,North Melbourne,Port Adelaide,6.6,11.12,Carrara,592.0,25.9,15.9,0.0
2020R1602,2020,R16,2020-09-06,St Kilda,Hawthorn,11.14,9.12,Carrara,2740.0,22.7,17.4,0.0
2020R1603,2020,R16,2020-09-06,Geelong,Essendon,17.6,5.12,Gabba,5011.0,25.6,16.4,0.0
2020R1604,2020,R16,2020-09-06,Western Bulldogs,West Coast,6.13,7.5,Carrara,532.0,22.7,17.4,0.0
2020R1605,2020,R16,2020-09-07,Melbourne,Fremantle,4.9,6.11,Cazaly's Stadium,3279.0,28.6,20.7,6.0
2020R1606,2020,R16,2020-09-08,Adelaide,Greater Western Sydney,8.11,7.5,Adelaide Oval,12436.0,16.8,15.0,0.0
2020R1607,2020,R16,2020-09-08,Carlton,Sydney,8.9,8.4,Carrara,1580.0,23.3,16.0,0.0
2020R1608,2020,R16,2020-09-09,Brisbane Lions,Gold Coast,13.1,6.7,Gabba,11292.0,24.9,14.1,0.0
2020R1701,2020,R17,2020-09-10,St Kilda,West Coast,6.14,9.11,Gabba,1925.0,20.9,13.4,0.0
2020R1702,2020,R17,2020-09-11,Geelong,Richmond,4.7,7.15,Carrara,7061.0,21.4,14.7,12.0
2020R1703,2020,R17,2020-09-12,North Melbourne,Fremantle,5.5,15.9,Carrara,308.0,22.5,15.5,0.2
2020R1704,2020,R17,2020-09-12,Port Adelaide,Essendon,11.13,4.5,Adelaide Oval,17482.0,23.7,16.1,0.0
2020R1705,2020,R17,2020-09-12,Greater Western Sydney,Melbourne,11.8,12.7,Gabba,1204.0,24.3,12.6,0.2
2020R1706,2020,R17,2020-09-13,Carlton,Adelaide,8.8,10.12,Carrara,2735.0,22.4,15.0,7.8
2020R1707,2020,R17,2020-09-13,Hawthorn,Western Bulldogs,6.4,11.1,Adelaide Oval,2625.0,15.4,9.7,9.2
2020R1708,2020,R17,2020-09-13,Sydney,Brisbane Lions,6.5,11.7,Cazaly's Stadium,3700.0,26.1,19.4,1.6
2020R1709,2020,R17,2020-09-14,Collingwood,Gold Coast,10.8,6.1,Gabba,2896.0,28.1,14.0,0.8
2020R1801,2020,R18,2020-09-17,North Melbourne,West Coast,4.1,7.7,Carrara,724.0,23.4,14.9,0.0
2020R1802,2020,R18,2020-09-18,St Kilda,Greater Western Sydney,12.1,3.12,Gabba,1528.0,26.3,16.1,0.0
2020R1803,2020,R18,2020-09-19,Essendon,Melbourne,7.7,10.8,Carrara,2175.0,23.4,17.3,18.4
2020R1804,2020,R18,2020-09-19,Adelaide,Richmond,4.9,12.5,Adelaide Oval,17710.0,25.1,17.6,0.0
2020R1805,2020,R18,2020-09-19,Brisbane Lions,Carlton,11.12,10.1,Gabba,14563.0,25.6,16.4,0.4
2020R1806,2020,R18,2020-09-20,Hawthorn,Gold Coast,17.6,8.9,Adelaide Oval,2136.0,27.5,14.0,0.0
2020R1807,2020,R18,2020-09-20,Sydney,Geelong,9.9,10.9,Carrara,2798.0,24.8,18.5,0.0
2020R1808,2020,R18,2020-09-20,Fremantle,Western Bulldogs,6.8,11.8,Cazaly's Stadium,3114.0,29.6,21.1,0.2
2020R1809,2020,R18,2020-09-21,Collingwood,Port Adelaide,7.3,9.7,Gabba,5424.0,29.7,17.0,0.0
2020QF01,2020,QF,2020-10-01,Port Adelaide,Geelong,9.4,5.12,Adelaide Oval,22755.0,24.6,6.3,1.6
2020QF02,2020,QF,2020-10-02,Brisbane Lions,Richmond,10.9,8.6,Gabba,22104.0,29.0,15.5,0.0
2020EF01,2020,EF,2020-10-03,St Kilda,Western Bulldogs,10.7,9.1,Gabba,10561.0,27.6,16.6,0.0
2020EF02,2020,EF,2020-10-03,West Coast,Collingwood,11.9,12.4,Perth Stadium,32865.0,17.6,6.6,2.8
2020SF01,2020,SF,2020-10-09,Richmond,St Kilda,12.8,6.13,Carrara,13778.0,28.3,16.7,0.0
2020SF02,2020,SF,2020-10-10,Geelong,Collingwood,15.1,5.2,Gabba,21396.0,28.2,14.7,0.0
2020PF01,2020,PF,2020-10-16,Port Adelaide,Richmond,6.4,6.1,Adelaide Oval,24292.0,20.4,14.6,0.2
2020PF02,2020,PF,2020-10-17,Brisbane Lions,Geelong,6.6,11.16,Gabba,29121.0,28.1,16.9,0.0
2020GF01,2020,GF,2020-10-24,Richmond,Geelong,12.9,7.8,Gabba,29707.0,26.8,21.6,0.4
2021R0101,2021,R1,2021-03-18,Richmond,Carlton,15.15,11.14,M.C.G.,49218.0,26.3,13.1,0.0
2021R0102,2021,R1,2021-03-19,Collingwood,Western Bulldogs,7.11,10.9,M.C.G.,46051.0,26.9,13.1,0.0
2021R0103,2021,R1,2021-03-20,Melbourne,Fremantle,11.14,8.1,M.C.G.,21365.0,25.2,14.4,0.0
2021R0104,2021,R1,2021-03-20,Adelaide,Geelong,15.13,13.13,Adelaide Oval,26985.0,32.5,19.4,0.0
2021R0105,2021,R1,2021-03-20,Essendon,Hawthorn,13.13,14.8,Docklands,25128.0,25.2,14.4,0.0
2021R0106,2021,R1,2021-03-20,Brisbane Lions,Sydney,14.1,19.11,Gabba,22762.0,28.6,21.9,20.8
2021R0107,2021,R1,2021-03-21,North Melbourne,Port Adelaide,9.11,17.15,Docklands,13050.0,20.5,16.4,3.2
2021R0108,2021,R1,2021-03-21,Greater Western Sydney,St Kilda,11.12,13.8,Sydney Showground,5014.0,20.4,19.2,114.4
2021R0109,2021,R1,2021-03-21,West Coast,Gold Coast,12.11,8.1,Perth Stadium,38493.0,37.6,16.2,0.0
2021R0201,2021,R2,2021-03-25,Carlton,Collingwood,13.7,16.1,M.C.G.,51723.0,20.5,14.7,3.8
2021R0202,2021,R2,2021-03-26,Geelong,Brisbane Lions,12.9,11.14,Kardinia Park,20070.0,22.3,11.2,0.4
2021R0203,2021,R2,2021-03-27,Sydney,Adelaide,18.13,11.22,S.C.G.,23946.0,27.8,17.2,0.0
2021R0204,2021,R2,2021-03-27,Port Adelaide,Essendon,18.11,9.11,Adelaide Oval,29978.0,20.8,15.9,3.8
2021R0205,2021,R2,2021-03-27,St Kilda,Melbourne,11.7,12.19,Docklands,25903.0,21.7,13.5,4.2
2021R0206,2021,R2,2021-03-27,Gold Coast,North Melbourne,14.14,5.9,Carrara,6661.0,29.8,20.0,0.0
2021R0207,2021,R2,2021-03-28,Hawthorn,Richmond,7.7,11.12,M.C.G.,41051.0,19.7,11.5,0.1
2021R0208,2021,R2,2021-03-28,Western Bulldogs,West Coast,14.16,14.9,Docklands,21391.0,19.7,11.5,0.1
2021R0209,2021,R2,2021-03-28,Fremantle,Greater Western Sydney,11.21,7.14,Perth Stadium,27625.0,33.2,12.7,0.0
2021R0301,2021,R3,2021-04-01,Collingwood,Brisbane Lions,11.6,11.7,Docklands,28057.0,29.6,10.0,0.0
2021R0302,2021,R3,2021-04-02,North Melbourne,Western Bulldogs,5.9,25.17,Docklands,28483.0,30.9,11.2,0.0
2021R0303,2021,R3,2021-04-02,Adelaide,Gold Coast,14.11,12.13,Adelaide Oval,30175.0,32.3,12.8,0.0
2021R0304,2021,R3,2021-04-03,Richmond,Sydney,10.12,17.15,M.C.G.,43637.0,31.7,15.3,0.0
2021R0305,2021,R3,2021-04-03,Essendon,St Kilda,22.11,9.14,Docklands,29234.0,31.7,15.3,0.0
2021R0306,2021,R3,2021-04-03,West Coast,Port Adelaide,16.12,11.5,Perth Stadium,42090.0,31.0,17.9,0.0
2021R0307,2021,R3,2021-04-04,Carlton,Fremantle,16.13,9.1,Docklands,24551.0,25.2,16.2,0.0
2021R0308,2021,R3,2021-04-04,Greater Western Sydney,Melbourne,11.2,15.12,Manuka Oval,9563.0,28.1,5.8,0.0
2021R0309,2021,R3,2021-04-05,Geelong,Hawthorn,10.9,9.1,M.C.G.,50030.0,19.6,15.1,0.0
2021R0401,2021,R4,2021-04-08,Sydney,Essendon,11.17,12.8,S.C.G.,28039.0,25.5,18.4,5.2
2021R0402,2021,R4,2021-04-09,Port Adelaide,Richmond,11.13,11.11,Adelaide Oval,33742.0,20.7,14.4,0.8
2021R0403,2021,R4,2021-04-10,Western Bulldogs,Brisbane Lions,10.13,8.6,Eureka Stadium,7387.0,14.8,8.1,0.6
2021R0404,2021,R4,2021-04-10,St Kilda,West Coast,15.12,13.4,Docklands,16710.0,18.2,11.6,0.4
2021R0405,2021,R4,2021-04-10,Gold Coast,Carlton,8.11,9.16,Carrara,11618.0,32.9,18.3,0.0
2021R0406,2021,R4,2021-04-10,Collingwood,Greater Western Sydney,9.6,14.6,M.C.G.,29866.0,18.2,11.6,0.4
2021R0407,2021,R4,2021-04-11,North Melbourne,Adelaide,10.8,16.13,Docklands,13479.0,15.0,7.0,4.2
2021R0408,2021,R4,2021-04-11,Melbourne,Geelong,12.13,9.6,M.C.G.,33728.0,15.0,7.0,4.2
2021R0409,2021,R4,2021-04-11,Fremantle,Hawthorn,13.18,12.9,Perth Stadium,29490.0,22.7,16.3,4.4
2021R0501,2021,R5,2021-04-15,St Kilda,Richmond,7.6,20.14,Docklands,32056.0,20.4,10.4,0.1
2021R0502,2021,R5,2021-04-16,West Coast,Collingwood,16.7,11.1,Perth Stadium,54159.0,26.0,10.6,0.0
2021R0503,2021,R5,2021-04-17,Western Bulldogs,Gold Coast,17.16,8.8,Docklands,18920.0,17.4,11.2,0.0
2021R0504,2021,R5,2021-04-17,Sydney,Greater Western Sydney,10.9,9.17,S.C.G.,33541.0,19.7,14.7,0.0
2021R0505,2021,R5,2021-04-17,Carlton,Port Adelaide,9.14,15.6,M.C.G.,32893.0,17.4,11.2,0.0
2021R0506,2021,R5,2021-04-17,Brisbane Lions,Essendon,15.12,6.9,Gabba,23544.0,24.7,19.5,0.0
2021R0507,2021,R5,2021-04-18,Adelaide,Fremantle,11.6,12.12,Adelaide Oval,31454.0,19.7,14.2,0.0
2021R0508,2021,R5,2021-04-18,Hawthorn,Melbourne,8.6,15.14,M.C.G.,36337.0,18.5,12.1,0.0
2021R0509,2021,R5,2021-04-18,Geelong,North Melbourne,10.17,7.5,Kardinia Park,21282.0,18.8,11.5,0.0
2021R0601,2021,R6,2021-04-23,Greater Western Sydney,Western Bulldogs,9.11,15.14,Manuka Oval,10064.0,18.3,0.5,0.0
2021R0602,2021,R6,2021-04-24,Geelong,West Coast,21.1,5.9,Kardinia Park,21282.0,18.7,11.8,0.0
2021R0603,2021,R6,2021-04-24,Gold Coast,Sydney,15.1,9.6,Carrara,9819.0,23.8,15.1,0.0
2021R0604,2021,R6,2021-04-24,Carlton,Brisbane Lions,12.13,15.13,Docklands,29576.0,17.6,11.8,0.0
2021R0605,2021,R6,2021-04-24,Melbourne,Richmond,12.1,6.12,M.C.G.,56418.0,17.6,11.8,0.0
2021R0606,2021,R6,2021-04-24,Fremantle,North Melbourne,14.15,6.12,Perth Stadium,0.0,31.2,12.8,0.0
2021R0607,2021,R6,2021-04-25,Hawthorn,Adelaide,15.12,16.3,York Park,9007.0,19.0,1.3,0.0
2021R0608,2021,R6,2021-04-25,Collingwood,Essendon,13.7,16.13,M.C.G.,78113.0,17.0,7.3,2.8
2021R0609,2021,R6,2021-04-25,Port Adelaide,St Kilda,14.9,5.9,Adelaide Oval,33125.0,19.8,8.0,0.0
2021R0701,2021,R7,2021-04-30,Richmond,Western Bulldogs,11.11,7.13,M.C.G.,52402.0,24.4,6.6,0.0
2021R0702,2021,R7,2021-05-01,Collingwood,Gold Coast,7.13,12.7,M.C.G.,24397.0,25.2,9.1,0.0
2021R0703,2021,R7,2021-05-01,Adelaide,Greater Western Sydney,4.15,15.16,Adelaide Oval,28853.0,28.9,14.8,0.0
2021R0704,2021,R7,2021-05-01,St Kilda,Hawthorn,19.14,9.5,Docklands,26433.0,25.2,9.1,0.0
2021R0705,2021,R7,2021-05-01,Sydney,Geelong,14.6,12.16,S.C.G.,29123.0,23.9,14.2,0.0
2021R0706,2021,R7,2021-05-01,Brisbane Lions,Port Adelaide,13.15,5.14,Gabba,20007.0,22.3,16.7,6.2
2021R0707,2021,R7,2021-05-02,North Melbourne,Melbourne,11.7,16.7,Bellerive Oval,6009.0,19.16,9.79,2.26
2021R0708,2021,R7,2021-05-02,Essendon,Carlton,16.11,19.9,M.C.G.,57447.0,25.8,13.1,0.0
2021R0709,2021,R7,2021-05-02,West Coast,Fremantle,20.12,11.7,Perth Stadium,0.0,23.4,7.2,0.0
2021R0801,2021,R8,2021-05-07,Richmond,Geelong,9.9,19.12,M.C.G.,54857.0,22.0,8.3,0.0
2021R0802,2021,R8,2021-05-08,Gold Coast,St Kilda,7.12,8.15,Carrara,9271.0,24.7,17.4,0.0
2021R0803,2021,R8,2021-05-08,Greater Western Sydney,Essendon,16.11,16.9,Sydney Showground,8526.0,26.3,14.0,1.4
2021R0804,2021,R8,2021-05-08,North Melbourne,Collingwood,11.1,14.1,Docklands,22329.0,19.7,11.7,0.0
2021R0805,2021,R8,2021-05-08,Melbourne,Sydney,10.7,8.1,M.C.G.,35567.0,19.7,11.7,0.0
2021R0806,2021,R8,2021-05-08,Port Adelaide,Adelaide,12.15,5.8,Adelaide Oval,43069.0,19.5,11.4,0.0
2021R0807,2021,R8,2021-05-09,Hawthorn,West Coast,8.12,14.14,M.C.G.,15277.0,19.8,10.3,0.6
2021R0808,2021,R8,2021-05-09,Western Bulldogs,Carlton,16.11,13.13,Docklands,27663.0,19.8,10.3,0.6
2021R0809,2021,R8,2021-05-09,Brisbane Lions,Fremantle,14.11,10.11,Gabba,15403.0,26.6,16.7,0.0
2021R0901,2021,R9,2021-05-14,St Kilda,Geelong,5.17,10.8,Docklands,26712.0,15.0,6.0,4.2
2021R0902,2021,R9,2021-05-15,Sydney,Collingwood,10.12,5.12,S.C.G.,31448.0,17.8,10.5,0.0
2021R0903,2021,R9,2021-05-15,Hawthorn,North Melbourne,12.8,13.9,York Park,9121.0,13.6,1.6,0.0
2021R0904,2021,R9,2021-05-15,Gold Coast,Brisbane Lions,7.9,19.1,Carrara,12636.0,24.5,11.4,0.0
2021R0905,2021,R9,2021-05-15,Richmond,Greater Western Sydney,13.9,12.11,Docklands,18798.0,12.2,6.1,8.4
2021R0906,2021,R9,2021-05-15,Port Adelaide,Western Bulldogs,12.5,15.6,Adelaide Oval,32787.0,16.6,12.5,3.4
2021R0907,2021,R9,2021-05-16,Essendon,Fremantle,10.8,8.13,Docklands,26357.0,15.3,6.6,0.1
2021R0908,2021,R9,2021-05-16,Melbourne,Carlton,13.16,10.8,M.C.G.,38581.0,15.3,6.6,0.1
2021R0909,2021,R9,2021-05-16,West Coast,Adelaide,16.1,11.1,Perth Stadium,43427.0,24.2,14.9,0.0
2021R1001,2021,R10,2021-05-21,Brisbane Lions,Richmond,15.12,11.8,Gabba,31127.0,23.4,12.2,0.0
2021R1002,2021,R10,2021-05-22,Carlton,Hawthorn,13.8,9.9,M.C.G.,45741.0,18.7,0.4,0.0
2021R1003,2021,R10,2021-05-22,Geelong,Gold Coast,14.7,8.9,Kardinia Park,22055.0,19.3,2.1,0.0
2021R1004,2021,R10,2021-05-22,Adelaide,Melbourne,15.6,14.11,Adelaide Oval,31373.0,23.5,9.3,0.0
2021R1005,2021,R10,2021-05-22,Western Bulldogs,St Kilda,21.18,5.3,Docklands,28720.0,18.7,0.4,0.0
2021R1006,2021,R10,2021-05-22,Fremantle,Sydney,12.14,13.6,Perth Stadium,29134.0,20.2,13.1,0.0
2021R1007,2021,R10,2021-05-23,Greater Western Sydney,West Coast,13.15,11.11,Sydney Showground,9046.0,20.1,9.2,0.0
2021R1008,2021,R10,2021-05-23,Collingwood,Port Adelaide,8.1,8.11,M.C.G.,23415.0,19.7,3.1,0.0
2021R1009,2021,R10,2021-05-23,Essendon,North Melbourne,22.9,10.9,Docklands,33121.0,19.7,3.1,0.0
2021R1101,2021,R11,2021-05-28,Western Bulldogs,Melbourne,8.11,13.9,Docklands,0.0,13.6,9.1,0.4
2021R1102,2021,R11,2021-05-29,Collingwood,Geelong,6.15,8.13,M.C.G.,0.0,13.4,9.8,0.0
2021R1103,2021,R11,2021-05-29,Brisbane Lions,Greater Western Sydney,19.15,10.5,Gabba,22038.0,21.0,11.0,0.0
2021R1104,2021,R11,2021-05-29,St Kilda,North Melbourne,12.16,10.8,Docklands,0.0,13.4,9.8,0.0
2021R1105,2021,R11,2021-05-29,West Coast,Essendon,11.5,12.15,Perth Stadium,41883.0,20.6,15.2,11.4
2021R1106,2021,R11,2021-05-29,Gold Coast,Hawthorn,17.11,11.1,S.C.G.,1241.0,15.3,8.5,0.0
2021R1107,2021,R11,2021-05-30,Richmond,Adelaide,17.9,12.11,Sydney Showground,4236.0,16.2,10.4,0.0
2021R1108,2021,R11,2021-05-30,Sydney,Carlton,15.1,11.12,S.C.G.,29882.0,15.3,10.3,0.0
2021R1109,2021,R11,2021-05-30,Port Adelaide,Fremantle,18.7,9.15,Adelaide Oval,26759.0,16.7,2.2,0.0
2021R1201,2021,R12,2021-06-04,Melbourne,Brisbane Lions,14.13,11.9,Sydney Showground,3772.0,20.1,8.5,7.0
2021R1202,2021,R12,2021-06-05,Sydney,St Kilda,13.14,12.11,S.C.G.,19020.0,17.8,8.6,0.2
2021R1203,2021,R12,2021-06-05,Adelaide,Collingwood,10.13,12.6,Adelaide Oval,30446.0,16.9,6.1,0.2
2021R1204,2021,R12,2021-06-05,Essendon,Richmond,12.12,19.9,Perth Stadium,55656.0,21.8,5.7,0.0
2021R1205,2021,R12,2021-06-06,Carlton,West Coast,10.13,14.11,S.C.G.,5137.0,19.4,7.9,0.0
2021R1206,2021,R12,2021-06-06,Fremantle,Western Bulldogs,9.11,13.15,Perth Stadium,32875.0,20.6,7.4,0.0
2021R1301,2021,R13,2021-06-10,Port Adelaide,Geelong,14.7,17.1,Adelaide Oval,28718.0,14.8,9.3,0.0
2021R1302,2021,R13,2021-06-11,Sydney,Hawthorn,7.9,14.5,S.C.G.,25904.0,16.7,4.6,6.8
2021R1303,2021,R13,2021-06-12,Fremantle,Gold Coast,11.1,6.13,Perth Stadium,27318.0,21.0,10.5,0.2
2021R1304,2021,R13,2021-06-12,St Kilda,Adelaide,8.12,9.12,Cazaly's Stadium,5969.0,26.0,20.2,2.26
2021R1305,2021,R13,2021-06-13,North Melbourne,Greater Western Sydney,14.1,14.1,Bellerive Oval,3462.0,15.3,11.6,3.4
2021R1306,2021,R13,2021-06-13,West Coast,Richmond,13.7,12.9,Perth Stadium,50834.0,20.1,8.4,0.0
2021R1307,2021,R13,2021-06-14,Melbourne,Collingwood,9.9,11.14,S.C.G.,16453.0,17.3,9.8,0.0
2021R1401,2021,R14,2021-06-18,Geelong,Western Bulldogs,12.11,11.12,Kardinia Park,6583.0,14.9,3.3,0.0
2021R1402,2021,R14,2021-06-19,Gold Coast,Port Adelaide,4.7,12.9,Carrara,7117.0,20.4,13.0,0.0
2021R1403,2021,R14,2021-06-19,North Melbourne,Brisbane Lions,6.9,9.14,Bellerive Oval,5060.0,14.1,7.1,0.6
2021R1404,2021,R14,2021-06-19,Greater Western Sydney,Carlton,16.6,9.12,Sydney Showground,7035.0,15.2,10.7,2.4
2021R1405,2021,R14,2021-06-20,Hawthorn,Essendon,10.13,13.8,York Park,14834.0,13.4,0.2,0.0
2021R1501,2021,R15,2021-06-24,Brisbane Lions,Geelong,13.16,7.8,Gabba,29024.0,22.8,15.1,0.8
2021R1502,2021,R15,2021-06-25,Richmond,St Kilda,2.1,9.8,M.C.G.,14787.0,12.9,9.9,0.0
2021R1503,2021,R15,2021-06-26,Collingwood,Fremantle,12.7,14.7,Docklands,11570.0,12.9,8.3,4.3
2021R1504,2021,R15,2021-06-26,North Melbourne,Gold Coast,9.18,9.9,Bellerive Oval,6719.0,11.9,4.8,0.0
2021R1505,2021,R15,2021-06-26,Port Adelaide,Sydney,12.9,10.11,Adelaide Oval,29631.0,13.7,9.5,2.2
2021R1506,2021,R15,2021-06-26,Essendon,Melbourne,8.9,9.14,M.C.G.,19414.0,12.9,8.3,4.3
2021R1507,2021,R15,2021-06-27,Greater Western Sydney,Hawthorn,11.6,13.12,M.C.G.,9897.0,16.0,8.1,0.2
2021R1508,2021,R15,2021-06-27,West Coast,Western Bulldogs,6.7,13.2,Perth Stadium,0.0,16.0,8.4,0.0
2021R1509,2021,R15,2021-06-27,Carlton,Adelaide,12.11,10.13,Docklands,14930.0,16.0,8.1,0.2
2021R1601,2021,R16,2021-07-01,Gold Coast,Richmond,10.17,10.7,Docklands,9327.0,16.2,10.3,0.0
2021R1602,2021,R16,2021-07-02,Geelong,Essendon,15.8,8.9,Kardinia Park,15579.0,16.5,9.2,0.6
2021R1603,2021,R16,2021-07-03,Melbourne,Greater Western Sydney,7.13,9.1,M.C.G.,16963.0,10.2,5.3,7.0
2021R1604,2021,R16,2021-07-03,Adelaide,Brisbane Lions,8.11,17.9,Adelaide Oval,16178.0,13.3,7.5,6.6
2021R1605,2021,R16,2021-07-03,Fremantle,Carlton,8.16,12.8,M.C.G.,12103.0,10.2,5.3,7.0
2021R1606,2021,R16,2021-07-03,Hawthorn,Port Adelaide,7.11,13.9,Docklands,18251.0,10.2,5.3,7.0
2021R1607,2021,R16,2021-07-04,Sydney,West Coast,18.1,3.8,Kardinia Park,9520.0,13.1,4.9,1.0
2021R1608,2021,R16,2021-07-04,Collingwood,St Kilda,8.13,10.1,M.C.G.,18082.0,12.5,5.4,0.4
2021R1609,2021,R16,2021-07-04,Western Bulldogs,North Melbourne,16.12,11.13,Docklands,18216.0,12.5,5.4,0.4
2021R1701,2021,R17,2021-07-08,Port Adelaide,Melbourne,8.7,12.14,Adelaide Oval,30908.0,15.9,8.5,0.0
2021R1702,2021,R17,2021-07-09,Essendon,Adelaide,11.18,2.9,Docklands,23604.0,12.6,0.1,0.0
2021R1703,2021,R17,2021-07-10,Hawthorn,Fremantle,6.1,16.12,York Park,9111.0,14.0,-1.9,0.0
2021R1704,2021,R17,2021-07-10,Carlton,Geelong,5.14,10.1,M.C.G.,31834.0,13.7,2.1,0.0
2021R1705,2021,R17,2021-07-10,Brisbane Lions,St Kilda,8.15,14.11,Carrara,9075.0,21.1,12.6,1.6
2021R1706,2021,R17,2021-07-11,Greater Western Sydney,Gold Coast,9.1,10.5,Eureka Stadium,2952.0,10.4,-1.0,0.2
2021R1707,2021,R17,2021-07-11,Western Bulldogs,Sydney,8.12,11.13,Docklands,24817.0,15.0,3.8,0.0
2021R1708,2021,R17,2021-07-11,Richmond,Collingwood,11.5,13.9,M.C.G.,29437.0,15.0,3.8,0.0
2021R1709,2021,R17,2021-07-12,West Coast,North Melbourne,8.12,10.1,Perth Stadium,30515.0,21.7,11.6,9.6
2021R1801,2021,R18,2021-07-15,Fremantle,Geelong,3.13,14.16,Perth Stadium,35271.0,17.9,12.8,2.0
2021R1802,2021,R18,2021-07-16,Richmond,Brisbane Lions,16.1,13.8,Carrara,4119.0,22.8,16.7,0.4
2021R1803,2021,R18,2021-07-17,St Kilda,Port Adelaide,8.13,10.14,Docklands,0.0,12.8,6.4,0.8
2021R1804,2021,R18,2021-07-17,Gold Coast,Western Bulldogs,11.13,14.6,Carrara,8244.0,21.9,14.3,0.4
2021R1805,2021,R18,2021-07-17,Melbourne,Hawthorn,11.13,12.7,M.C.G.,0.0,12.8,6.4,0.8
2021R1806,2021,R18,2021-07-18,North Melbourne,Essendon,11.8,13.14,Carrara,5114.0,21.3,8.7,0.0
2021R1807,2021,R18,2021-07-18,Collingwood,Carlton,9.8,13.13,M.C.G.,0.0,13.3,8.0,4.4
2021R1808,2021,R18,2021-07-18,Adelaide,West Coast,8.8,14.14,Adelaide Oval,24554.0,13.3,8.4,0.8
2021R1809,2021,R18,2021-07-18,Greater Western Sydney,Sydney,11.6,15.8,Carrara,2374.0,21.3,8.7,0.0
2021R1901,2021,R19,2021-07-23,Port Adelaide,Collingwood,14.13,10.9,Docklands,0.0,10.8,6.2,0.0
2021R1902,2021,R19,2021-07-24,Carlton,North Melbourne,11.11,18.8,Docklands,0.0,13.4,6.5,0.0
2021R1903,2021,R19,2021-07-24,Brisbane Lions,Gold Coast,17.18,10.11,Gabba,16660.0,22.1,13.1,4.2
2021R1904,2021,R19,2021-07-24,West Coast,St Kilda,14.1,13.8,Perth Stadium,43657.0,18.1,9.8,2.0
2021R1905,2021,R19,2021-07-24,Melbourne,Western Bulldogs,9.11,13.7,M.C.G.,0.0,13.4,6.5,0.0
2021R1906,2021,R19,2021-07-24,Adelaide,Hawthorn,16.6,13.5,Docklands,0.0,13.4,6.5,0.0
2021R1907,2021,R19,2021-07-25,Sydney,Fremantle,14.14,8.1,Carrara,2875.0,21.8,11.7,0.0
2021R1908,2021,R19,2021-07-25,Geelong,Richmond,15.5,8.9,M.C.G.,0.0,12.0,5.3,0.0
2021R1909,2021,R19,2021-07-25,Essendon,Greater Western Sydney,7.11,9.12,Carrara,2681.0,21.8,11.7,0.0
2021R2001,2021,R20,2021-07-30,St Kilda,Carlton,12.9,18.4,Docklands,0.0,14.0,5.7,0.0
2021R2002,2021,R20,2021-07-31,Western Bulldogs,Adelaide,15.15,8.8,Eureka Stadium,0.0,13.8,5.2,0.2
2021R2003,2021,R20,2021-07-31,North Melbourne,Geelong,6.6,8.14,Bellerive Oval,8033.0,17.7,8.5,0.4
2021R2004,2021,R20,2021-07-31,Collingwood,West Coast,14.6,6.9,M.C.G.,0.0,17.4,8.5,0.0
2021R2005,2021,R20,2021-08-01,Gold Coast,Melbourne,4.6,18.2,Docklands,0.0,15.0,8.0,19.2
2021R2006,2021,R20,2021-08-01,Hawthorn,Brisbane Lions,14.8,12.8,York Park,5381.0,13.1,5.6,13.0
2021R2007,2021,R20,2021-08-01,Essendon,Sydney,16.6,17.7,M.C.G.,0.0,15.0,8.0,19.2
2021R2008,2021,R20,2021-08-01,Fremantle,Richmond,7.13,6.15,Perth Stadium,24979.0,15.1,9.7,8.8
2021R2009,2021,R20,2021-08-01,Greater Western Sydney,Port Adelaide,11.7,15.1,Docklands,0.0,15.0,8.0,19.2
2021R2101,2021,R21,2021-08-06,Geelong,Greater Western Sydney,8.17,13.6,Kardinia Park,0.0,14.6,9.9,0.2
2021R2102,2021,R21,2021-08-07,Carlton,Gold Coast,8.9,11.1,Docklands,0.0,14.6,9.3,0.6
2021R2103,2021,R21,2021-08-07,Richmond,North Melbourne,13.11,8.8,M.C.G.,0.0,14.6,9.3,0.6
2021R2104,2021,R21,2021-08-07,Adelaide,Port Adelaide,7.9,7.13,Adelaide Oval,14736.0,15.0,10.7,1.4
2021R2105,2021,R21,2021-08-07,St Kilda,Sydney,14.9,10.4,Docklands,0.0,14.6,9.3,0.6
2021R2106,2021,R21,2021-08-08,Hawthorn,Collingwood,15.7,12.6,M.C.G.,0.0,15.6,3.5,1.0
2021R2107,2021,R21,2021-08-08,Western Bulldogs,Essendon,12.12,15.7,Docklands,0.0,15.6,3.5,1.0
2021R2108,2021,R21,2021-08-08,Fremantle,Brisbane Lions,8.6,18.1,Perth Stadium,29589.0,19.5,11.8,3.8
2021R2109,2021,R21,2021-08-09,West Coast,Melbourne,9.9,10.12,Perth Stadium,31584.0,19.4,13.8,5.2
2021R2201,2021,R22,2021-08-13,Greater Western Sydney,Richmond,16.1,10.7,Docklands,0.0,17.2,7.3,0.0
2021R2202,2021,R22,2021-08-14,Hawthorn,Western Bulldogs,9.1,5.7,York Park,7822.0,14.9,3.5,0.0
2021R2203,2021,R22,2021-08-14,Port Adelaide,Carlton,21.14,5.15,Adelaide Oval,13943.0,17.6,5.2,0.2
2021R2204,2021,R22,2021-08-14,Geelong,St Kilda,13.7,11.5,Kardinia Park,0.0,17.3,7.3,0.0
2021R2205,2021,R22,2021-08-14,Brisbane Lions,Collingwood,22.1,8.9,Gabba,15146.0,25.1,15.2,1.8
2021R2206,2021,R22,2021-08-14,North Melbourne,Sydney,12.5,13.13,Docklands,0.0,17.7,6.0,4.0
2021R2207,2021,R22,2021-08-15,Melbourne,Adelaide,16.8,9.9,M.C.G.,0.0,18.4,9.0,0.0
2021R2208,2021,R22,2021-08-15,Gold Coast,Essendon,4.6,14.14,Kardinia Park,0.0,18.8,8.4,0.0
2021R2209,2021,R22,2021-08-15,Fremantle,West Coast,12.7,9.1,Perth Stadium,51692.0,22.6,7.1,0.0
2021R2301,2021,R23,2021-08-20,Western Bulldogs,Port Adelaide,10.4,9.12,Docklands,0.0,16.5,7.5,0.8
2021R2302,2021,R23,2021-08-21,Richmond,Hawthorn,12.11,12.11,M.C.G.,0.0,19.5,9.6,1.4
2021R2303,2021,R23,2021-08-21,Sydney,Gold Coast,21.1,6.13,Docklands,0.0,19.5,9.6,1.4
2021R2304,2021,R23,2021-08-21,Brisbane Lions,West Coast,19.11,13.9,Gabba,21845.0,26.4,12.0,0.0
2021R2305,2021,R23,2021-08-21,Geelong,Melbourne,12.5,12.9,Kardinia Park,0.0,19.1,8.5,0.0
2021R2306,2021,R23,2021-08-21,Carlton,Greater Western Sydney,11.9,12.17,Docklands,0.0,19.5,9.6,1.4
2021R2307,2021,R23,2021-08-22,St Kilda,Fremantle,17.5,6.13,Bellerive Oval,3082.0,18.3,9.7,0.0
2021R2308,2021,R23,2021-08-22,Essendon,Collingwood,16.6,9.1,M.C.G.,0.0,21.6,11.0,0.0
2021R2309,2021,R23,2021-08-22,Adelaide,North Melbourne,13.2,8.6,Adelaide Oval,13103.0,23.6,8.2,0.0
2021QF01,2021,QF,2021-08-27,Port Adelaide,Geelong,12.14,5.13,Adelaide Oval,19712.0,17.5,2.0,0.0
2021EF01,2021,EF,2021-08-28,Sydney,Greater Western Sydney,10.13,11.8,York Park,8635.0,13.1,2.1,0.0
2021QF02,2021,QF,2021-08-28,Melbourne,Brisbane Lions,13.15,9.6,Adelaide Oval,13784.0,16.3,8.5,0.0
2021EF02,2021,EF,2021-08-29,Western Bulldogs,Essendon,13.7,4.12,York Park,9760.0,11.7,3.0,0.0
2021SF01,2021,SF,2021-09-03,Geelong,Greater Western Sydney,15.13,10.8,Perth Stadium,44091.0,17.0,4.7,4.6
2021SF02,2021,SF,2021-09-04,Brisbane Lions,Western Bulldogs,11.12,11.13,Gabba,30647.0,24.3,14.4,2.2
2021PF01,2021,PF,2021-09-10,Melbourne,Geelong,19.11,6.6,Perth Stadium,58599.0,19.3,7.5,3.2
2021PF02,2021,PF,2021-09-11,Port Adelaide,Western Bulldogs,6.9,17.14,Adelaide Oval,26400.0,18.8,10.6,0.0
2021GF01,2021,GF,2021-09-25,Melbourne,Western Bulldogs,21.14,10.6,Perth Stadium,61118.0,23.4,11.0,0.0
2022R0101,2022,R1,2022-03-16,Melbourne,Western Bulldogs,14.13,11.5,M.C.G.,58002.0,23.3,17.0,0.0
2022R0102,2022,R1,2022-03-17,Carlton,Richmond,14.17,11.1,M.C.G.,72179.0,29.5,17.2,0.0
2022R0103,2022,R1,2022-03-18,St Kilda,Collingwood,12.13,15.12,Docklands,40129.0,22.9,18.1,0.0
2022R0104,2022,R1,2022-03-19,Geelong,Essendon,20.18,11.6,M.C.G.,54495.0,30.4,13.3,0.3
2022R0105,2022,R1,2022-03-19,Greater Western Sydney,Sydney,13.14,17.1,Stadium Australia,25572.0,23.1,19.1,35.6
2022R0106,2022,R1,2022-03-19,Brisbane Lions,Port Adelaide,11.14,10.9,Gabba,25100.0,29.2,19.4,0.0
2022R0107,2022,R1,2022-03-20,Hawthorn,North Melbourne,11.12,8.1,M.C.G.,38297.0,26.8,13.9,0.0
2022R0108,2022,R1,2022-03-20,Adelaide,Fremantle,12.1,11.17,Adelaide Oval,28186.0,29.2,20.0,0.0
2022R0109,2022,R1,2022-03-20,West Coast,Gold Coast,12.8,16.11,Perth Stadium,20932.0,28.2,18.8,0.0
2022R0201,2022,R2,2022-03-24,Western Bulldogs,Carlton,13.12,16.6,Docklands,34961.0,20.8,11.6,0.0
2022R0202,2022,R2,2022-03-25,Sydney,Geelong,17.5,10.17,S.C.G.,36578.0,23.1,17.5,18.0
2022R0203,2022,R2,2022-03-26,Collingwood,Adelaide,15.1,8.1,M.C.G.,36843.0,24.3,9.7,0.0
2022R0204,2022,R2,2022-03-26,Essendon,Brisbane Lions,10.15,15.7,Docklands,30631.0,24.3,9.7,0.0
2022R0205,2022,R2,2022-03-26,Port Adelaide,Hawthorn,7.14,19.6,Adelaide Oval,30267.0,23.8,11.6,0.0
2022R0206,2022,R2,2022-03-26,Gold Coast,Melbourne,10.9,12.1,Carrara,8280.0,27.2,20.0,49.4
2022R0207,2022,R2,2022-03-27,North Melbourne,West Coast,10.14,8.11,Docklands,14204.0,29.1,11.2,0.0
2022R0208,2022,R2,2022-03-27,Richmond,Greater Western Sydney,16.13,10.13,M.C.G.,28813.0,29.1,11.2,0.0
2022R0209,2022,R2,2022-03-27,Fremantle,St Kilda,8.7,9.11,Perth Stadium,25284.0,24.9,20.7,0.0
2022R0301,2022,R3,2022-03-31,Western Bulldogs,Sydney,9.17,9.6,Docklands,24327.0,21.9,14.1,2.26
2022R0302,2022,R3,2022-04-01,Melbourne,Essendon,14.15,10.1,M.C.G.,44503.0,20.0,12.7,0.0
2022R0303,2022,R3,2022-04-01,Adelaide,Port Adelaide,15.6,13.14,Adelaide Oval,39190.0,24.5,11.3,0.0
2022R0304,2022,R3,2022-04-02,Greater Western Sydney,Gold Coast,12.11,8.9,Sydney Showground,4014.0,22.9,15.0,0.4
2022R0305,2022,R3,2022-04-02,Collingwood,Geelong,13.13,16.8,M.C.G.,52974.0,17.7,12.7,0.6
2022R0306,2022,R3,2022-04-02,Brisbane Lions,North Melbourne,23.18,7.6,Gabba,19817.0,27.6,17.4,0.0
2022R0307,2022,R3,2022-04-03,Carlton,Hawthorn,11.8,11.7,M.C.G.,66317.0,17.8,13.8,1.8
2022R0308,2022,R3,2022-04-03,St Kilda,Richmond,18.9,13.6,Docklands,31933.0,17.8,13.8,1.8
2022R0309,2022,R3,2022-04-03,West Coast,Fremantle,7.5,15.12,Perth Stadium,38920.0,31.3,22.2,0.0
2022R0401,2022,R4,2022-04-07,Port Adelaide,Melbourne,4.12,10.8,Adelaide Oval,23058.0,23.3,14.5,0.0
2022R0402,2022,R4,2022-04-08,Geelong,Brisbane Lions,11.14,11.4,Kardinia Park,20505.0,23.7,11.5,0.0
2022R0403,2022,R4,2022-04-09,Sydney,North Melbourne,13.8,12.3,S.C.G.,22307.0,24.2,17.7,11.2
2022R0404,2022,R4,2022-04-09,Collingwood,West Coast,10.14,14.3,Docklands,25897.0,25.5,15.6,0.0
2022R0405,2022,R4,2022-04-09,Fremantle,Greater Western Sydney,13.1,8.6,Perth Stadium,30201.0,22.5,13.7,7.6
2022R0406,2022,R4,2022-04-09,Richmond,Western Bulldogs,15.9,7.19,M.C.G.,43645.0,25.5,15.6,0.0
2022R0407,2022,R4,2022-04-10,Essendon,Adelaide,15.13,15.9,Docklands,24906.0,26.6,15.1,0.0
2022R0408,2022,R4,2022-04-10,Hawthorn,St Kilda,10.13,22.1,M.C.G.,30926.0,26.6,15.1,0.0
2022R0409,2022,R4,2022-04-10,Gold Coast,Carlton,13.14,8.14,Carrara,14349.0,26.4,19.1,1.6
2022R0501,2022,R5,2022-04-14,Brisbane Lions,Collingwood,15.8,14.7,Gabba,32312.0,26.2,16.7,1.2
2022R0502,2022,R5,2022-04-15,North Melbourne,Western Bulldogs,11.5,21.13,Docklands,32162.0,26.4,12.0,0.0
2022R0503,2022,R5,2022-04-15,West Coast,Sydney,9.4,18.13,Perth Stadium,42888.0,29.2,14.0,2.26
2022R0504,2022,R5,2022-04-16,St Kilda,Gold Coast,13.9,9.7,Docklands,18724.0,28.6,13.8,0.0
2022R0505,2022,R5,2022-04-16,Adelaide,Richmond,15.11,12.1,Adelaide Oval,33031.0,27.2,12.8,0.0
2022R0506,2022,R5,2022-04-16,Melbourne,Greater Western Sydney,19.6,7.11,M.C.G.,20791.0,28.6,13.8,0.0
2022R0507,2022,R5,2022-04-17,Carlton,Port Adelaide,14.1,13.13,M.C.G.,33433.0,28.4,16.3,0.0
2022R0508,2022,R5,2022-04-17,Essendon,Fremantle,8.11,16.11,Docklands,23935.0,28.4,16.3,0.0
2022R0509,2022,R5,2022-04-18,Hawthorn,Geelong,14.8,11.14,M.C.G.,48030.0,16.9,15.5,13.2
2022R0601,2022,R6,2022-04-22,Greater Western Sydney,St Kilda,8.12,10.17,Manuka Oval,11207.0,16.6,3.1,0.0
2022R0602,2022,R6,2022-04-23,Western Bulldogs,Adelaide,9.8,8.15,Eureka Stadium,10412.0,18.2,7.3,0.0
2022R0603,2022,R6,2022-04-23,Port Adelaide,West Coast,18.9,4.9,Adelaide Oval,28587.0,24.5,11.2,0.0
2022R0604,2022,R6,2022-04-23,Fremantle,Carlton,14.13,9.8,Perth Stadium,42302.0,26.5,13.9,0.0
2022R0605,2022,R6,2022-04-24,North Melbourne,Geelong,9.7,17.19,Bellerive Oval,8663.0,19.3,7.3,0.0
2022R0606,2022,R6,2022-04-24,Gold Coast,Brisbane Lions,11.14,21.6,Carrara,14897.0,23.4,17.6,8.2
2022R0607,2022,R6,2022-04-24,Richmond,Melbourne,8.6,9.22,M.C.G.,70334.0,18.2,6.8,0.0
2022R0608,2022,R6,2022-04-25,Hawthorn,Sydney,10.8,16.13,York Park,14107.0,18.0,7.6,0.0
2022R0609,2022,R6,2022-04-25,Essendon,Collingwood,12.1,15.3,M.C.G.,84205.0,23.3,6.6,0.0
2022R0701,2022,R7,2022-04-29,West Coast,Richmond,8.8,25.15,Perth Stadium,39430.0,22.5,7.4,3.2
2022R0702,2022,R7,2022-04-30,Geelong,Fremantle,10.6,10.9,Kardinia Park,20136.0,18.1,11.0,37.0
2022R0703,2022,R7,2022-04-30,Adelaide,Greater Western Sydney,8.6,17.11,Adelaide Oval,31811.0,19.3,15.4,4.8
2022R0704,2022,R7,2022-04-30,Melbourne,Hawthorn,13.13,11.15,M.C.G.,39425.0,18.0,11.0,34.0
2022R0705,2022,R7,2022-04-30,Carlton,North Melbourne,17.12,10.4,Docklands,40129.0,18.0,11.0,34.0
2022R0706,2022,R7,2022-04-30,St Kilda,Port Adelaide,4.18,5.13,Cazaly's Stadium,6645.0,26.8,22.7,9.4
2022R0707,2022,R7,2022-05-01,Collingwood,Gold Coast,17.13,14.6,M.C.G.,28916.0,19.8,10.8,0.2
2022R0708,2022,R7,2022-05-01,Western Bulldogs,Essendon,16.7,10.11,Docklands,33677.0,19.8,10.8,0.2
2022R0709,2022,R7,2022-05-01,Sydney,Brisbane Lions,13.11,17.11,S.C.G.,30110.0,21.8,13.6,7.1
2022R0801,2022,R8,2022-05-06,Port Adelaide,Western Bulldogs,12.14,10.9,Adelaide Oval,29290.0,15.8,5.3,8.6
2022R0802,2022,R8,2022-05-06,Fremantle,North Melbourne,15.12,3.6,Perth Stadium,37040.0,23.4,9.0,0.0
2022R0803,2022,R8,2022-05-07,Richmond,Collingwood,17.11,12.14,M.C.G.,64481.0,15.3,8.5,2.5
2022R0804,2022,R8,2022-05-07,Sydney,Gold Coast,8.13,10.15,S.C.G.,20420.0,19.9,9.3,0.0
2022R0805,2022,R8,2022-05-07,Greater Western Sydney,Geelong,4.11,12.16,Manuka Oval,11661.0,12.7,2.9,0.0
2022R0806,2022,R8,2022-05-07,Essendon,Hawthorn,16.12,11.15,Docklands,33042.0,15.3,8.5,2.5
2022R0807,2022,R8,2022-05-07,Brisbane Lions,West Coast,16.9,4.6,Gabba,19331.0,25.3,18.8,0.4
2022R0808,2022,R8,2022-05-08,Melbourne,St Kilda,14.9,8.7,M.C.G.,35767.0,15.0,9.3,0.2
2022R0809,2022,R8,2022-05-08,Carlton,Adelaide,17.14,10.8,Docklands,25376.0,15.0,9.3,0.2
2022R0901,2022,R9,2022-05-13,Collingwood,Western Bulldogs,7.9,14.15,Docklands,44029.0,17.5,13.3,1.4
2022R0902,2022,R9,2022-05-14,Hawthorn,Richmond,14.1,17.15,M.C.G.,40663.0,18.1,14.0,0.4
2022R0903,2022,R9,2022-05-14,North Melbourne,Port Adelaide,6.1,17.13,Bellerive Oval,5114.0,17.7,9.8,3.2
2022R0904,2022,R9,2022-05-14,St Kilda,Geelong,13.12,11.14,Docklands,32517.0,18.1,14.0,0.4
2022R0905,2022,R9,2022-05-14,Sydney,Essendon,14.21,6.11,S.C.G.,27464.0,25.6,17.7,7.0
2022R0906,2022,R9,2022-05-14,Adelaide,Brisbane Lions,9.12,16.6,Adelaide Oval,36579.0,21.3,16.8,0.0
2022R0907,2022,R9,2022-05-15,Gold Coast,Fremantle,10.9,4.9,Carrara,6136.0,24.3,20.1,19.4
2022R0908,2022,R9,2022-05-15,Greater Western Sydney,Carlton,11.9,15.15,Sydney Showground,8754.0,25.7,17.5,2.26
2022R0909,2022,R9,2022-05-15,West Coast,Melbourne,5.8,16.16,Perth Stadium,27488.0,19.5,12.6,2.0
2022R1001,2022,R10,2022-05-20,Carlton,Sydney,15.12,13.9,Docklands,44769.0,14.2,10.0,0.0
2022R1002,2022,R10,2022-05-21,Western Bulldogs,Gold Coast,15.16,13.9,Eureka Stadium,6040.0,17.1,4.3,0.0
2022R1003,2022,R10,2022-05-21,Geelong,Port Adelaide,11.16,7.5,Kardinia Park,18721.0,15.1,3.7,0.0
2022R1004,2022,R10,2022-05-21,North Melbourne,Melbourne,8.5,14.16,Docklands,13422.0,15.6,2.6,4.0
2022R1005,2022,R10,2022-05-21,Adelaide,St Kilda,9.15,14.6,Adelaide Oval,28783.0,19.4,6.1,0.0
2022R1006,2022,R10,2022-05-21,Richmond,Essendon,11.14,7.6,M.C.G.,70226.0,15.6,2.6,4.0
2022R1007,2022,R10,2022-05-22,Greater Western Sydney,West Coast,21.12,13.8,Sydney Showground,5057.0,18.7,12.9,10.0
2022R1008,2022,R10,2022-05-22,Hawthorn,Brisbane Lions,18.9,17.1,York Park,12007.0,13.9,2.6,0.0
2022R1009,2022,R10,2022-05-22,Fremantle,Collingwood,6.8,12.8,Perth Stadium,35534.0,24.2,10.4,0.0
2022R1101,2022,R11,2022-05-27,Sydney,Richmond,16.1,15.1,S.C.G.,31387.0,22.5,12.0,0.0
2022R1102,2022,R11,2022-05-28,Geelong,Adelaide,15.7,7.13,Kardinia Park,19051.0,16.0,6.3,0.2
2022R1103,2022,R11,2022-05-28,Brisbane Lions,Greater Western Sydney,16.14,15.6,Gabba,22068.0,24.8,14.3,0.0
2022R1104,2022,R11,2022-05-28,Melbourne,Fremantle,7.14,14.1,M.C.G.,29812.0,15.4,6.3,0.1
2022R1105,2022,R11,2022-05-28,West Coast,Western Bulldogs,9.6,25.11,Perth Stadium,31838.0,22.9,11.5,0.0
2022R1106,2022,R11,2022-05-28,Gold Coast,Hawthorn,18.13,7.12,Marrara Oval,7516.0,32.8,21.8,0.0
2022R1107,2022,R11,2022-05-29,St Kilda,North Melbourne,16.7,7.8,Docklands,23464.0,15.9,4.9,0.0
2022R1108,2022,R11,2022-05-29,Collingwood,Carlton,11.13,11.9,M.C.G.,80627.0,15.9,4.9,0.0
2022R1109,2022,R11,2022-05-29,Port Adelaide,Essendon,9.12,6.14,Adelaide Oval,25877.0,19.3,7.3,7.2
2022R1201,2022,R12,2022-06-03,Western Bulldogs,Geelong,10.1,12.11,Docklands,34370.0,12.4,4.3,0.0
2022R1202,2022,R12,2022-06-04,Adelaide,West Coast,13.1,8.9,Adelaide Oval,22859.0,15.8,11.3,4.0
2022R1203,2022,R12,2022-06-04,Gold Coast,North Melbourne,15.19,7.5,Marrara Oval,5523.0,33.9,25.0,0.0
2022R1204,2022,R12,2022-06-04,Melbourne,Sydney,9.7,10.13,M.C.G.,32753.0,14.5,7.6,0.0
2022R1205,2022,R12,2022-06-05,Hawthorn,Collingwood,10.8,10.12,M.C.G.,43939.0,13.4,9.8,0.6
2022R1206,2022,R12,2022-06-05,Fremantle,Brisbane Lions,15.9,13.7,Perth Stadium,47214.0,18.1,3.3,0.0
2022R1301,2022,R13,2022-06-09,Richmond,Port Adelaide,11.11,10.5,M.C.G.,21757.0,13.6,8.0,0.2
2022R1302,2022,R13,2022-06-10,Essendon,Carlton,7.12,12.8,M.C.G.,65440.0,13.8,8.3,0.0
2022R1303,2022,R13,2022-06-11,Fremantle,Hawthorn,14.11,12.1,Perth Stadium,39428.0,21.6,16.0,7.6
2022R1304,2022,R13,2022-06-11,Brisbane Lions,St Kilda,10.18,8.9,Gabba,26610.0,18.8,7.5,0.0
2022R1305,2022,R13,2022-06-12,North Melbourne,Greater Western Sydney,7.11,15.12,Docklands,13742.0,13.4,9.0,0.4
2022R1306,2022,R13,2022-06-13,Collingwood,Melbourne,12.1,8.8,M.C.G.,76059.0,12.6,8.2,5.0
2022R1401,2022,R14,2022-06-16,Richmond,Carlton,11.15,9.12,M.C.G.,50741.0,14.2,9.3,1.0
2022R1402,2022,R14,2022-06-17,St Kilda,Essendon,11.6,15.17,Docklands,33274.0,13.9,9.9,4.0
2022R1403,2022,R14,2022-06-18,Port Adelaide,Sydney,12.1,8.11,Adelaide Oval,30445.0,17.7,7.8,0.0
2022R1404,2022,R14,2022-06-18,West Coast,Geelong,9.9,12.9,Perth Stadium,32526.0,18.2,13.5,10.6
2022R1405,2022,R14,2022-06-18,Greater Western Sydney,Western Bulldogs,16.9,19.11,Sydney Showground,6208.0,18.7,9.2,0.0
2022R1406,2022,R14,2022-06-19,Gold Coast,Adelaide,18.8,10.13,Carrara,10507.0,22.7,10.9,0.0
2022R1501,2022,R15,2022-06-23,Melbourne,Brisbane Lions,16.21,7.11,M.C.G.,37728.0,15.9,10.4,0.4
2022R1502,2022,R15,2022-06-24,Western Bulldogs,Hawthorn,19.11,12.11,Docklands,32505.0,16.1,11.2,4.9
2022R1503,2022,R15,2022-06-24,West Coast,Essendon,16.11,14.13,Perth Stadium,40933.0,19.2,8.6,0.8
2022R1504,2022,R15,2022-06-25,Carlton,Fremantle,12.9,7.8,Docklands,35441.0,15.2,7.9,0.4
2022R1505,2022,R15,2022-06-25,Geelong,Richmond,13.11,13.8,M.C.G.,59335.0,15.2,7.9,0.4
2022R1506,2022,R15,2022-06-25,Sydney,St Kilda,12.11,4.8,S.C.G.,31513.0,20.7,9.6,0.0
2022R1507,2022,R15,2022-06-26,North Melbourne,Adelaide,8.1,17.13,Bellerive Oval,5072.0,11.5,7.9,3.8
2022R1508,2022,R15,2022-06-26,Collingwood,Greater Western Sydney,11.22,12.5,M.C.G.,30804.0,12.8,9.2,0.2
2022R1509,2022,R15,2022-06-26,Port Adelaide,Gold Coast,13.15,13.13,Adelaide Oval,26241.0,15.6,9.8,1.8
2022R1601,2022,R16,2022-06-30,Brisbane Lions,Western Bulldogs,16.12,9.13,Gabba,25011.0,21.3,13.2,0.8
2022R1602,2022,R16,2022-07-01,Carlton,St Kilda,10.18,14.9,Docklands,43194.0,12.3,4.9,0.0
2022R1603,2022,R16,2022-07-02,Essendon,Sydney,15.5,12.14,M.C.G.,43163.0,12.2,5.2,0.0
2022R1604,2022,R16,2022-07-02,Adelaide,Melbourne,10.5,14.1,Adelaide Oval,30702.0,13.0,4.2,0.0
2022R1605,2022,R16,2022-07-02,Gold Coast,Collingwood,8.14,9.13,Carrara,16027.0,17.8,14.3,27.2
2022R1606,2022,R16,2022-07-02,Geelong,North Melbourne,21.18,5.2,Kardinia Park,18091.0,12.5,3.7,0.2
2022R1607,2022,R16,2022-07-03,Richmond,West Coast,20.8,13.15,M.C.G.,39391.0,12.4,3.3,0.1
2022R1608,2022,R16,2022-07-03,Greater Western Sydney,Hawthorn,11.6,7.8,Sydney Showground,4812.0,17.1,12.3,93.4
2022R1609,2022,R16,2022-07-03,Fremantle,Port Adelaide,15.9,14.7,Perth Stadium,41326.0,19.2,2.5,0.0
2022R1701,2022,R17,2022-07-07,Geelong,Melbourne,12.19,9.9,Kardinia Park,21501.0,14.5,3.2,0.0
2022R1702,2022,R17,2022-07-08,Sydney,Western Bulldogs,17.18,9.13,S.C.G.,22226.0,15.6,7.5,0.1
2022R1703,2022,R17,2022-07-09,Collingwood,North Melbourne,13.1,12.9,M.C.G.,45039.0,12.6,6.2,8.0
2022R1704,2022,R17,2022-07-09,Gold Coast,Richmond,14.1,13.14,Carrara,18031.0,17.8,8.2,0.0
2022R1705,2022,R17,2022-07-09,St Kilda,Fremantle,10.1,17.9,Docklands,21652.0,12.6,6.2,8.0
2022R1706,2022,R17,2022-07-09,Port Adelaide,Greater Western Sydney,12.12,3.11,Adelaide Oval,24744.0,13.9,6.3,4.0
2022R1707,2022,R17,2022-07-10,Brisbane Lions,Essendon,13.12,15.1,Gabba,29101.0,20.0,7.3,0.0
2022R1708,2022,R17,2022-07-10,Hawthorn,Adelaide,13.8,8.6,Docklands,18833.0,15.3,3.9,0.2
2022R1709,2022,R17,2022-07-10,West Coast,Carlton,8.5,17.14,Perth Stadium,43359.0,17.4,12.8,25.2
2022R1801,2022,R18,2022-07-15,Western Bulldogs,St Kilda,13.6,7.14,Docklands,25981.0,15.0,5.7,0.0
2022R1802,2022,R18,2022-07-16,Adelaide,Collingwood,13.8,14.7,Adelaide Oval,30110.0,14.3,9.2,0.0
2022R1803,2022,R18,2022-07-16,Greater Western Sydney,Brisbane Lions,9.5,15.9,Manuka Oval,9010.0,10.6,-3.2,0.0
2022R1804,2022,R18,2022-07-16,North Melbourne,Richmond,14.8,11.22,Docklands,22666.0,12.7,7.8,0.0
2022R1805,2022,R18,2022-07-16,Carlton,Geelong,8.7,12.13,M.C.G.,68208.0,12.7,7.8,0.0
2022R1806,2022,R18,2022-07-16,Fremantle,Sydney,9.11,11.16,Perth Stadium,46596.0,20.1,8.6,0.0
2022R1807,2022,R18,2022-07-17,Hawthorn,West Coast,15.12,12.5,M.C.G.,22598.0,15.8,8.0,0.0
2022R1808,2022,R18,2022-07-17,Melbourne,Port Adelaide,12.11,10.9,Traeger Park,6312.0,24.6,-0.2,0.0
2022R1809,2022,R18,2022-07-17,Essendon,Gold Coast,14.19,8.7,Docklands,23484.0,15.8,8.0,0.0
2022R1901,2022,R19,2022-07-22,Richmond,Fremantle,7.1,7.1,Docklands,23549.0,17.9,1.5,0.0
2022R1902,2022,R19,2022-07-23,Sydney,Adelaide,17.16,12.13,S.C.G.,25084.0,17.2,11.2,15.4
2022R1903,2022,R19,2022-07-23,North Melbourne,Hawthorn,11.9,19.7,Bellerive Oval,9713.0,15.4,4.6,0.0
2022R1904,2022,R19,2022-07-23,Port Adelaide,Geelong,14.1,16.1,Adelaide Oval,30937.0,16.8,11.8,0.0
2022R1905,2022,R19,2022-07-23,Brisbane Lions,Gold Coast,16.14,14.9,Gabba,21467.0,21.6,14.3,4.4
2022R1906,2022,R19,2022-07-23,Western Bulldogs,Melbourne,17.8,15.1,Docklands,26501.0,13.4,6.2,2.2
2022R1907,2022,R19,2022-07-24,Carlton,Greater Western Sydney,13.12,8.6,Docklands,30295.0,18.2,9.3,8.6
2022R1908,2022,R19,2022-07-24,Collingwood,Essendon,12.8,11.1,M.C.G.,72402.0,18.2,9.3,8.6
2022R1909,2022,R19,2022-07-24,West Coast,St Kilda,10.2,14.6,Perth Stadium,35665.0,16.7,7.0,22.2
2022R2001,2022,R20,2022-07-29,Fremantle,Melbourne,5.9,12.13,Perth Stadium,46313.0,19.1,14.2,13.2
2022R2002,2022,R20,2022-07-30,Collingwood,Port Adelaide,13.1,12.1,M.C.G.,40716.0,12.4,-1.2,0.0
2022R2003,2022,R20,2022-07-30,Sydney,Greater Western Sydney,17.1,5.9,S.C.G.,31916.0,17.3,5.1,0.0
2022R2004,2022,R20,2022-07-30,St Kilda,Hawthorn,10.15,9.9,Docklands,25348.0,12.4,-1.2,0.0
2022R2005,2022,R20,2022-07-30,Geelong,Western Bulldogs,14.1,9.12,Kardinia Park,22106.0,14.3,-0.4,0.0
2022R2006,2022,R20,2022-07-30,Adelaide,Carlton,12.12,8.7,Adelaide Oval,35666.0,15.8,9.6,0.0
2022R2007,2022,R20,2022-07-31,Gold Coast,West Coast,16.11,16.8,Carrara,8282.0,19.4,12.9,5.2
2022R2008,2022,R20,2022-07-31,Richmond,Brisbane Lions,15.14,14.13,M.C.G.,39056.0,14.1,6.8,0.0
2022R2009,2022,R20,2022-07-31,Essendon,North Melbourne,17.12,9.12,Docklands,29549.0,14.1,6.8,0.0
2022R2101,2022,R21,2022-08-05,Melbourne,Collingwood,13.11,15.6,M.C.G.,70596.0,14.3,11.3,0.0
2022R2102,2022,R21,2022-08-06,Hawthorn,Gold Coast,10.1,8.15,York Park,9022.0,12.9,3.2,1.8
2022R2103,2022,R21,2022-08-06,Greater Western Sydney,Essendon,14.12,10.9,Sydney Showground,7772.0,20.5,10.2,0.0
2022R2104,2022,R21,2022-08-06,Western Bulldogs,Fremantle,11.12,14.11,Docklands,24130.0,14.2,6.8,5.0
2022R2105,2022,R21,2022-08-06,Geelong,St Kilda,17.8,10.5,Kardinia Park,20583.0,14.4,4.7,2.6
2022R2106,2022,R21,2022-08-06,Port Adelaide,Richmond,10.11,16.13,Adelaide Oval,27091.0,14.8,10.4,9.4
2022R2107,2022,R21,2022-08-07,North Melbourne,Sydney,13.1,18.18,Docklands,19091.0,14.3,7.6,1.6
2022R2108,2022,R21,2022-08-07,Brisbane Lions,Carlton,17.12,12.9,Gabba,31011.0,21.9,10.8,0.2
2022R2109,2022,R21,2022-08-07,West Coast,Adelaide,13.8,16.6,Perth Stadium,50117.0,18.2,12.0,15.6
2022R2201,2022,R22,2022-08-12,St Kilda,Brisbane Lions,9.12,12.9,Docklands,22211.0,15.2,10.2,1.4
2022R2202,2022,R22,2022-08-13,Western Bulldogs,Greater Western Sydney,9.8,8.9,Docklands,18301.0,16.9,5.5,0.1
2022R2203,2022,R22,2022-08-13,Adelaide,North Melbourne,15.13,10.14,Adelaide Oval,28802.0,14.5,9.8,6.4
2022R2204,2022,R22,2022-08-13,Gold Coast,Geelong,9.5,18.11,Carrara,14728.0,17.5,15.6,1.2
2022R2205,2022,R22,2022-08-13,Melbourne,Carlton,11.13,10.14,M.C.G.,55705.0,16.9,5.5,0.1
2022R2206,2022,R22,2022-08-13,Fremantle,West Coast,9.17,7.5,Perth Stadium,53818.0,17.9,11.0,0.0
2022R2207,2022,R22,2022-08-14,Richmond,Hawthorn,20.8,9.13,M.C.G.,59338.0,14.7,7.2,0.0
2022R2208,2022,R22,2022-08-14,Sydney,Collingwood,11.11,7.8,S.C.G.,44659.0,18.6,10.4,0.0
2022R2209,2022,R22,2022-08-14,Essendon,Port Adelaide,9.8,23.8,Docklands,20568.0,14.7,7.2,0.0
2022R2301,2022,R23,2022-08-19,Brisbane Lions,Melbourne,8.9,18.7,Gabba,32172.0,28.1,8.4,0.0
2022R2302,2022,R23,2022-08-20,Greater Western Sydney,Fremantle,10.9,13.11,Manuka Oval,7338.0,13.0,4.4,1.0
2022R2303,2022,R23,2022-08-20,North Melbourne,Gold Coast,6.11,16.18,Docklands,14196.0,13.2,9.7,5.6
2022R2304,2022,R23,2022-08-20,Geelong,West Coast,19.17,7.4,Kardinia Park,21098.0,13.7,8.9,2.8
2022R2305,2022,R23,2022-08-20,Essendon,Richmond,11.9,21.15,M.C.G.,58366.0,13.2,9.7,5.6
2022R2306,2022,R23,2022-08-20,Port Adelaide,Adelaide,16.15,7.13,Adelaide Oval,50090.0,15.1,12.4,0.0
2022R2307,2022,R23,2022-08-21,Hawthorn,Western Bulldogs,10.4,12.15,York Park,13105.0,12.1,1.5,0.0
2022R2308,2022,R23,2022-08-21,Carlton,Collingwood,10.14,11.9,M.C.G.,88287.0,14.2,6.3,0.1
2022R2309,2022,R23,2022-08-21,St Kilda,Sydney,11.8,13.1,Docklands,23344.0,14.2,6.3,0.1
2022EF01,2022,EF,2022-09-01,Brisbane Lions,Richmond,16.1,16.8,Gabba,35013.0,22.8,13.3,0.0
2022QF01,2022,QF,2022-09-02,Melbourne,Sydney,10.9,14.7,M.C.G.,78377.0,12.5,7.0,4.2
2022EF02,2022,EF,2022-09-03,Fremantle,Western Bulldogs,11.7,8.12,Perth Stadium,58982.0,16.1,11.7,7.6
2022QF02,2022,QF,2022-09-03,Geelong,Collingwood,11.12,10.12,M.C.G.,91525.0,14.7,4.6,0.0
2022SF01,2022,SF,2022-09-09,Melbourne,Brisbane Lions,11.13,14.8,M.C.G.,62162.0,20.5,10.8,0.6
2022SF02,2022,SF,2022-09-10,Collingwood,Fremantle,11.13,9.5,M.C.G.,90612.0,16.1,10.2,6.2
2022PF01,2022,PF,2022-09-16,Geelong,Brisbane Lions,18.12,7.7,M.C.G.,77677.0,17.0,10.0,0.0
2022PF02,2022,PF,2022-09-17,Sydney,Collingwood,14.11,14.1,S.C.G.,45608.0,23.0,15.3,0.1
2022GF01,2022,GF,2022-09-24,Geelong,Sydney,20.13,8.4,M.C.G.,100024.0,14.9,7.5,0.0
